pandal_id,pandal_name,region,source_year,latitude,longitude,nearest_metro,nearest_metro_distance_km,nearest_railway_station,popularity_score,expected_crowd_level,famous,family_friendly,best_time_to_visit,theme,description,image_url,metro_assignment_note
1,Ahiritola Jubak Brinda Durga Puja,North Kolkata,2025,,,Shobhabazar Sutanuti,,,,,,,,,,,web-verified station address; locality-based assignment
2,Amherst Sarbojanin Durgotsab,North Kolkata,2025,,,Mahatma Gandhi Road,,,,,,,,,,,web-verified station address; locality-based assignment
3,Aswiningar Sarbojanin Durgotsav,North Kolkata,2025,,,Shyambazar,,,,,,,,,,,web-verified station address; locality-based assignment
4,Baghbazar Palli Puja O Pradarshani,North Kolkata,2025,,,Shyambazar,,,,,,,,,,,web-verified station address; locality-based assignment
5,Bandhudal Durgotsob,North Kolkata,2025,,,Shyambazar,,,,,,,,,,,web-verified station address; locality-based assignment
6,Beadon Street Sarbojanin Durgotsav,North Kolkata,2025,,,Shyambazar,,,,,,,,,,,web-verified station address; locality-based assignment
7,Belgachia Sadharan Durgotsab,North Kolkata,2025,,,Shyambazar,,,,,,,,,,,web-verified station address; locality-based assignment
8,Belgachia Yuba Sammilani Durga Puja,North Kolkata,2025,,,Shyambazar,,,,,,,,,,,web-verified station address; locality-based assignment
9,Bhagabati Park Durga Puja Committee,North Kolkata,2025,,,Shyambazar,,,,,,,,,,,web-verified station address; locality-based assignment
10,Bharatiya Tarun Sangha Durga Puja,North Kolkata,2025,,,Shyambazar,,,,,,,,,,,web-verified station address; locality-based assignment
11,Brindaban Matri Mandir Durga Puja,North Kolkata,2025,,,Shyambazar,,,,,,,,,,,web-verified station address; locality-based assignment
12,Calcutta Youth Forum,North Kolkata,2025,,,Shyambazar,,,,,,,,,,,web-verified station address; locality-based assignment
13,Campbagan Sadharan Durgotsav,North Kolkata,2025,,,Shyambazar,,,,,,,,,,,web-verified station address; locality-based assignment
14,Chaltabagan Lohapatty Durga Puja,North Kolkata,2025,,,Girish Park,,,,,,,,,,,web-verified station address; locality-based assignment
15,Chorebagan Sarbojanin Durgotsab Samity,North Kolkata,2025,,,Shyambazar,,,,,,,,,,,web-verified station address; locality-based assignment
16,Cossipore Shakti Sangha Durga Puja,North Kolkata,2025,,,Shyambazar,,,,,,,,,,,web-verified station address; locality-based assignment
17,Dakshin Rabindrapally Sarbojanin Durga Puja,North Kolkata,2025,,,Shyambazar,,,,,,,,,,,web-verified station address; locality-based assignment
18,Darjeepara Sarbojanin Durgotsab Samity,North Kolkata,2025,,,Shyambazar,,,,,,,,,,,web-verified station address; locality-based assignment
19,Deshbandhunagar Sarbojanin Durgotsab,North Kolkata,2025,,,Dum Dum,,,,,,,,,,,web-verified station address; locality-based assignment
20,Dum Dum Park Bharat Chakra Durga Puja,North Kolkata,2025,,,Dum Dum,,,,,,,,,,,web-verified station address; locality-based assignment
21,Dum Dum Park Sarbojanin Durga Puja,North Kolkata,2025,,,Dum Dum,,,,,,,,,,,web-verified station address; locality-based assignment
22,Goabagan Sarodatsav Sammilani Durga Puja,North Kolkata,2025,,,Shyambazar,,,,,,,,,,,web-verified station address; locality-based assignment
23,Golaghata Sammilani Durga Puja,North Kolkata,2025,,,Shyambazar,,,,,,,,,,,web-verified station address; locality-based assignment
24,Grey Street Sarbojanin Durga Puja,North Kolkata,2025,,,Shyambazar,,,,,,,,,,,web-verified station address; locality-based assignment
25,Halsibagan Sarbojanin Durgotsab,North Kolkata,2025,,,Shyambazar,,,,,,,,,,,web-verified station address; locality-based assignment
26,Hari Ghosh Street Sarbojanin,North Kolkata,2025,,,Shyambazar,,,,,,,,,,,web-verified station address; locality-based assignment
27,Hatibagan Nabinpally Sarbojanin Durgotsav,North Kolkata,2025,,,Shyambazar,,,,,,,,,,,web-verified station address; locality-based assignment
28,Jagat Mukherjee Park Durga Puja,North Kolkata,2025,,,Shobhabazar Sutanuti,,,,,,,,,,,web-verified station address; locality-based assignment
29,Jokermath Sarbojonin Durga Puja,North Kolkata,2025,,,Shyambazar,,,,,,,,,,,web-verified station address; locality-based assignment
30,Kailash Bose Street Durga Puja,North Kolkata,2025,,,Shyambazar,,,,,,,,,,,web-verified station address; locality-based assignment
31,Kankurgachi Sarbojanin Durgotsab,North Kolkata,2025,,,City Centre,,,,,,,,,,,web-verified station address; locality-based assignment
32,Kashi Bose Lane Durga Puja Committee,North Kolkata,2025,,,Girish Park,,,,,,,,,,,web-verified station address; locality-based assignment
33,Kumartuli Park Sarbojanin Durgotsab Committee,North Kolkata,2025,,,Shobhabazar Sutanuti,,,,,,,,,,,web-verified station address; locality-based assignment
34,Kumartuli Sarbojanin Durgotsab,North Kolkata,2025,,,Shobhabazar Sutanuti,,,,,,,,,,,web-verified station address; locality-based assignment
35,Lake View Park Sarbojanin Durgotsav Samity,North Kolkata,2025,,,Shyambazar,,,,,,,,,,,web-verified station address; locality-based assignment
36,Mahalla Sarbojanin Durgautsab Samity,North Kolkata,2025,,,Shyambazar,,,,,,,,,,,web-verified station address; locality-based assignment
37,Mitali Kankurgachi Durga Puja,North Kolkata,2025,,,City Centre,,,,,,,,,,,web-verified station address; locality-based assignment
38,Nalin Sarkar Street Sarbojanin Durgotsab,North Kolkata,2025,,,Shyambazar,,,,,,,,,,,web-verified station address; locality-based assignment
39,Nimtala Sarbojanin Durgotsab,North Kolkata,2025,,,Shyambazar,,,,,,,,,,,web-verified station address; locality-based assignment
40,Sreebhumi Sporting Club Durga Puja,North Kolkata,2025,,,Shyambazar,,,,,,,,,,,web-verified station address; locality-based assignment
41,Tala Barowari Durgotsab,North Kolkata,2025,,,Shyambazar,,,,,,,,,,,web-verified station address; locality-based assignment
42,Tala Dakshin Pally Durgotsav Committee,North Kolkata,2025,,,Shyambazar,,,,,,,,,,,web-verified station address; locality-based assignment
43,Tala Park 15 Pally Durga Puja,North Kolkata,2025,,,Shyambazar,,,,,,,,,,,web-verified station address; locality-based assignment
44,Telengabagan Sarbojanin Durgotsab,North Kolkata,2025,,,Shyambazar,,,,,,,,,,,web-verified station address; locality-based assignment
45,Ultadanga Jagarani Sangha Durga Puja,North Kolkata,2025,,,Shyambazar,,,,,,,,,,,web-verified station address; locality-based assignment
46,Ultadanga Pallyshree Durga Puja,North Kolkata,2025,,,Shyambazar,,,,,,,,,,,web-verified station address; locality-based assignment
47,Ultadanga Sangrami Durga Puja,North Kolkata,2025,,,Shyambazar,,,,,,,,,,,web-verified station address; locality-based assignment
48,Young Citizens Club Durga Puja,North Kolkata,2025,,,Shyambazar,,,,,,,,,,,web-verified station address; locality-based assignment
49,21 Pally Sarbojanin Durgotsab Samiti,South Kolkata,2025,,,Kalighat,,,,,,,,,,,web-verified station address; locality-based assignment
50,22 Palli Sarodotsav,South Kolkata,2025,,,Kalighat,,,,,,,,,,,web-verified station address; locality-based assignment
51,25 Pally Durga Puja,South Kolkata,2025,,,Kalighat,,,,,,,,,,,web-verified station address; locality-based assignment
52,64 Pally Durgotsab Committee,South Kolkata,2025,,,Kalighat,,,,,,,,,,,web-verified station address; locality-based assignment
53,66 Pally Sarbojanin Durgotsab Committee,South Kolkata,2025,,,Kalighat,,,,,,,,,,,web-verified station address; locality-based assignment
54,70 Pally Sarbojanin Durga Puja,South Kolkata,2025,,,Kalighat,,,,,,,,,,,web-verified station address; locality-based assignment
55,95 Pally Jodhpur Park Durga Puja,South Kolkata,2025,,,Rabindra Sarobar,,,,,,,,,,,web-verified station address; locality-based assignment
56,Abasar Sarbojanin Durgotsab Committee,South Kolkata,2025,,,Kalighat,,,,,,,,,,,web-verified station address; locality-based assignment
57,Abasorika Durgotsav Committee,South Kolkata,2025,,,Kalighat,,,,,,,,,,,web-verified station address; locality-based assignment
58,Adi Ballygunge Sarbojanin Durga Puja,South Kolkata,2025,,,Kalighat,,,,,,,,,,,web-verified station address; locality-based assignment
59,Adi Dakshin Kalikata Barowari Samittee,South Kolkata,2025,,,Netaji Bhavan,,,,,,,,,,,web-verified station address; locality-based assignment
60,Agradut Udaya Sangha Durga Puja,South Kolkata,2025,,,Kalighat,,,,,,,,,,,web-verified station address; locality-based assignment
61,Arunodaya Adhibashi Brinder Durga Puja,South Kolkata,2025,,,Kalighat,,,,,,,,,,,web-verified station address; locality-based assignment
62,Babu Bagan Durga Puja,South Kolkata,2025,,,Kalighat,,,,,,,,,,,web-verified station address; locality-based assignment
63,Badamtala Ashar Sangha Durga Puja,South Kolkata,2025,,,Kalighat,,,,,,,,,,,web-verified station address; locality-based assignment
64,Baghajatin B and C Block Durgotsav Committee,South Kolkata,2025,,,Masterda Surya Sen,,,,,,,,,,,web-verified station address; locality-based assignment
65,Baghajatin Tarun Sangha Durgotsav,South Kolkata,2025,,,Masterda Surya Sen,,,,,,,,,,,web-verified station address; locality-based assignment
66,Baishnabghata Paschimpara Sarbojanin Durgotsab,South Kolkata,2025,,,Kalighat,,,,,,,,,,,web-verified station address; locality-based assignment
67,Ballygunge Cultural Association Durga Puja,South Kolkata,2025,,,Kalighat,,,,,,,,,,,web-verified station address; locality-based assignment
68,Ballygunge Pally Sarbojanin Durgotsab Committee,South Kolkata,2025,,,Kalighat,,,,,,,,,,,web-verified station address; locality-based assignment
69,Bansdroni Sammilita Sarbojanin Durgotsab Committee,South Kolkata,2025,,,Masterda Surya Sen,,,,,,,,,,,web-verified station address; locality-based assignment
70,Bediadanga Sarbojanin Durgotsav Committee,South Kolkata,2025,,,Kalighat,,,,,,,,,,,web-verified station address; locality-based assignment
71,Beltala Sarbojanin Durgotsab,South Kolkata,2025,,,Kalighat,,,,,,,,,,,web-verified station address; locality-based assignment
72,Bengal United Club Durga Puja,South Kolkata,2025,,,Kalighat,,,,,,,,,,,web-verified station address; locality-based assignment
73,Bhawanipore Mahapuja Samity,South Kolkata,2025,,,Netaji Bhavan,,,,,,,,,,,web-verified station address; locality-based assignment
74,Bhowanipore De Bari Durga Puja,South Kolkata,2025,,,Netaji Bhavan,,,,,,,,,,,web-verified station address; locality-based assignment
75,Bhowanipore Mitra Bari Durga Puja,South Kolkata,2025,,,Netaji Bhavan,,,,,,,,,,,web-verified station address; locality-based assignment
76,Bhowanipur 75 Palli Durga Puja,South Kolkata,2025,,,Netaji Bhavan,,,,,,,,,,,web-verified station address; locality-based assignment
77,Bhowanipur Muktadal Durga Puja,South Kolkata,2025,,,Netaji Bhavan,,,,,,,,,,,web-verified station address; locality-based assignment
78,Bhowanipur Ritwik Club Durga Puja Committee,South Kolkata,2025,,,Netaji Bhavan,,,,,,,,,,,web-verified station address; locality-based assignment
79,Bhowanipur Sarbojanin Durgotsav,South Kolkata,2025,,,Netaji Bhavan,,,,,,,,,,,web-verified station address; locality-based assignment
80,Bhowanipur Students Club Sarbojanin Durga Puja,South Kolkata,2025,,,Netaji Bhavan,,,,,,,,,,,web-verified station address; locality-based assignment
81,Bhowanipur Swadhin Sangha Durga Puja,South Kolkata,2025,,,Netaji Bhavan,,,,,,,,,,,web-verified station address; locality-based assignment
82,Bhowanipur Udayan Club Durga Puja,South Kolkata,2025,,,Netaji Bhavan,,,,,,,,,,,web-verified station address; locality-based assignment
83,Chetla Agrani Club Durga Puja,South Kolkata,2025,,,Kalighat,,,,,,,,,,,web-verified station address; locality-based assignment
84,Chetla Sarbasadharaner Durgotsab,South Kolkata,2025,,,Kalighat,,,,,,,,,,,web-verified station address; locality-based assignment
85,Dakshin Kolkata Sarbojanin Durgotsab,South Kolkata,2025,,,Kalighat,,,,,,,,,,,web-verified station address; locality-based assignment
86,Deshapriya Park Durga Puja,South Kolkata,2025,,,Kalighat,,,,,,,,,,,web-verified station address; locality-based assignment
87,Dhakuria Pragati Sangha Durga Puja,South Kolkata,2025,,,Rabindra Sarobar,,,,,,,,,,,web-verified station address; locality-based assignment
88,Dhakuria Sarbojanin Durgotsab,South Kolkata,2025,,,Rabindra Sarobar,,,,,,,,,,,web-verified station address; locality-based assignment
89,Ekdalia Evergreen Club Durga Puja,South Kolkata,2025,,,Kalighat,,,,,,,,,,,web-verified station address; locality-based assignment
90,Falguni Sangha Durga Puja,South Kolkata,2025,,,Kalighat,,,,,,,,,,,web-verified station address; locality-based assignment
91,Garfa Sarbojanin Durgotsav,South Kolkata,2025,,,Kavi Nazrul,,,,,,,,,,,web-verified station address; locality-based assignment
92,Golpark Sarbojanin Durgotsab Committee,South Kolkata,2025,,,Kalighat,,,,,,,,,,,web-verified station address; locality-based assignment
93,Gopal Nagar Kalyan Sangha Durga Puja,South Kolkata,2025,,,Kalighat,,,,,,,,,,,web-verified station address; locality-based assignment
94,Harish Park Sarbojanin Durgotsab Samity,South Kolkata,2025,,,Netaji Bhavan,,,,,,,,,,,web-verified station address; locality-based assignment
95,Hindustan Pally Durga Puja Committee,South Kolkata,2025,,,Kalighat,,,,,,,,,,,web-verified station address; locality-based assignment
96,Jubamaitry Kalighat Durga Puja,South Kolkata,2025,,,Kalighat,,,,,,,,,,,web-verified station address; locality-based assignment
97,Kalighat Nepal Bhattacharjee Street Club,South Kolkata,2025,,,Kalighat,,,,,,,,,,,web-verified station address; locality-based assignment
98,Kasba R.K. Chatterjee Road Adhibasi Brinda Durga Puja,South Kolkata,2025,,,Kalighat,,,,,,,,,,,web-verified station address; locality-based assignment
99,Kasba Renaissance Club,South Kolkata,2025,,,Kalighat,,,,,,,,,,,web-verified station address; locality-based assignment
100,Kasba Shakti Sangha Pallybasi Durgotsav Samity,South Kolkata,2025,,,Kalighat,,,,,,,,,,,web-verified station address; locality-based assignment
101,Ketopole Sammilani Durga Puja,South Kolkata,2025,,,Kalighat,,,,,,,,,,,web-verified station address; locality-based assignment
102,Keyatala Pally Samity Durga Puja,South Kolkata,2025,,,Rabindra Sarobar,,,,,,,,,,,web-verified station address; locality-based assignment
103,Kheyali Sangha Durga Puja,South Kolkata,2025,,,Kalighat,,,,,,,,,,,web-verified station address; locality-based assignment
104,Khidderpore Sarbojanin Durgotsab,South Kolkata,2025,,,Majerhat,,,,,,,,,,,web-verified station address; locality-based assignment
105,Khidderpur 75 Pally Sarbojanin Durgotsab Committee,South Kolkata,2025,,,Kalighat,,,,,,,,,,,web-verified station address; locality-based assignment
106,Kidderpore Jubaghosthi Durga Puja,South Kolkata,2025,,,Majerhat,,,,,,,,,,,web-verified station address; locality-based assignment
107,Kidderpore Pally Saradiya Durga Puja,South Kolkata,2025,,,Majerhat,,,,,,,,,,,web-verified station address; locality-based assignment
108,Lake Gardens Peoples Association Durga Puja,South Kolkata,2025,,,Rabindra Sarobar,,,,,,,,,,,web-verified station address; locality-based assignment
109,Lake Youth Corner Durga Puja,South Kolkata,2025,,,Rabindra Sarobar,,,,,,,,,,,web-verified station address; locality-based assignment
110,Mahamayatala Sarbojanin Durgotsab,South Kolkata,2025,,,Kalighat,,,,,,,,,,,web-verified station address; locality-based assignment
111,Megacity Residents Puja Committee,South Kolkata,2025,,,Kalighat,,,,,,,,,,,web-verified station address; locality-based assignment
112,Mohila Mahal Club Durga Puja,South Kolkata,2025,,,Kalighat,,,,,,,,,,,web-verified station address; locality-based assignment
113,Monohar Pukur Baisakhi Sangha,South Kolkata,2025,,,Kalighat,,,,,,,,,,,web-verified station address; locality-based assignment
114,Mudiali Club Sarbojanin Durga Puja,South Kolkata,2025,,,Rabindra Sarobar,,,,,,,,,,,web-verified station address; locality-based assignment
115,N.S.C. Sports Club Durga Puja,South Kolkata,2025,,,Kalighat,,,,,,,,,,,web-verified station address; locality-based assignment
116,Naktala Udayan Sangha Durga Puja,South Kolkata,2025,,,Gitanjali,,,,,,,,,,,web-verified station address; locality-based assignment
117,Naskarpara Sarbojanin Durgotsav,South Kolkata,2025,,,Kalighat,,,,,,,,,,,web-verified station address; locality-based assignment
118,New Alipore Suruchi Sangha Durga Puja,South Kolkata,2025,,,Majerhat,,,,,,,,,,,web-verified station address; locality-based assignment
119,New Santoshpur Adi Durgotsab,South Kolkata,2025,,,Kalighat,,,,,,,,,,,web-verified station address; locality-based assignment
120,Paddapukur Barwari Samity,South Kolkata,2025,,,Jatin Das Park,,,,,,,,,,,web-verified station address; locality-based assignment
121,Paddapukur Youth Association Durga Puja,South Kolkata,2025,,,Jatin Das Park,,,,,,,,,,,web-verified station address; locality-based assignment
122,Pally Mangal Samity,South Kolkata,2025,,,Jatin Das Park,,,,,,,,,,,web-verified station address; locality-based assignment
123,Panchanna Gram Adhibasibrinda,South Kolkata,2025,,,Kalighat,,,,,,,,,,,web-verified station address; locality-based assignment
124,Paschim Putiary Sarbojanin Nabo Durgotsav,South Kolkata,2025,,,Kalighat,,,,,,,,,,,web-verified station address; locality-based assignment
125,Patuli Sarbojanin Durgotsab,South Kolkata,2025,,,Kavi Nazrul,,,,,,,,,,,web-verified station address; locality-based assignment
126,Peyarabagan Sarbojanin Durgotsab,South Kolkata,2025,,,Kalighat,,,,,,,,,,,web-verified station address; locality-based assignment
127,Picnic Sunrise Club,South Kolkata,2025,,,Kalighat,,,,,,,,,,,web-verified station address; locality-based assignment
128,Pragati Sangha Durga Puja,South Kolkata,2025,,,Kalighat,,,,,,,,,,,web-verified station address; locality-based assignment
129,Pragati Sangha Durgotsab Committee,South Kolkata,2025,,,Kalighat,,,,,,,,,,,web-verified station address; locality-based assignment
130,Purbachal Residents Sarbojanin Durgotsav,South Kolkata,2025,,,Kalighat,,,,,,,,,,,web-verified station address; locality-based assignment
131,Putiary Sarbojanin Durgotsab Committee,South Kolkata,2025,,,Kalighat,,,,,,,,,,,web-verified station address; locality-based assignment
132,Ramgarh Satapally Sarbojanin Durgotsav Committee,South Kolkata,2025,,,Kalighat,,,,,,,,,,,web-verified station address; locality-based assignment
133,Rashbehari Suhrid Sangha,South Kolkata,2025,,,Kalighat,,,,,,,,,,,web-verified station address; locality-based assignment
134,Russa Madhyapally Sarbojanin Durgotsav,South Kolkata,2025,,,Kalighat,,,,,,,,,,,web-verified station address; locality-based assignment
135,Sahapur Suhrid Sangha Durga Puja Committee,South Kolkata,2025,,,Kalighat,,,,,,,,,,,web-verified station address; locality-based assignment
136,Sammilani Durga Puja,South Kolkata,2025,,,Kalighat,,,,,,,,,,,web-verified station address; locality-based assignment
137,Sanghasree Kalighat Durga Puja,South Kolkata,2025,,,Kalighat,,,,,,,,,,,web-verified station address; locality-based assignment
138,Santoshpur Avenue South,South Kolkata,2025,,,Kalighat,,,,,,,,,,,web-verified station address; locality-based assignment
139,Santoshpur Lake Pally Durga Puja,South Kolkata,2025,,,Kalighat,,,,,,,,,,,web-verified station address; locality-based assignment
140,Santoshpur Trikon Park Durgotsab,South Kolkata,2025,,,Kalighat,,,,,,,,,,,web-verified station address; locality-based assignment
141,Shibmandir Sarbojanin Durgotsab Samiti,South Kolkata,2025,,,Rabindra Sarobar,,,,,,,,,,,web-verified station address; locality-based assignment
142,Singhi Park Sarbojanin Durga Puja,South Kolkata,2025,,,Kalighat,,,,,,,,,,,web-verified station address; locality-based assignment
143,Sonarpur Sarbojanin Durgotsav Puja Committee,South Kolkata,2025,,,Kavi Nazrul,,,,,,,,,,,web-verified station address; locality-based assignment
144,Sri Sri Sarbojanin Durga Puja,South Kolkata,2025,,,Kalighat,,,,,,,,,,,web-verified station address; locality-based assignment
145,Surya Nagar Sarbojanin Durga Puja,South Kolkata,2025,,,Kalighat,,,,,,,,,,,web-verified station address; locality-based assignment
146,Tridhara Sammilani Durga Puja,South Kolkata,2025,,,Kalighat,,,,,,,,,,,web-verified station address; locality-based assignment
147,Tulipians Durgotsav,South Kolkata,2025,,,Kalighat,,,,,,,,,,,web-verified station address; locality-based assignment
148,Udayan Kidderpore Durga Puja,South Kolkata,2025,,,Majerhat,,,,,,,,,,,web-verified station address; locality-based assignment
149,Upohar Utsav Committee,South Kolkata,2025,,,Kalighat,,,,,,,,,,,web-verified station address; locality-based assignment
150,VIP Nagar Sarbojanin Durga Puja Committee,South Kolkata,2025,,,Kalighat,,,,,,,,,,,web-verified station address; locality-based assignment
151,Westend Park Sarbojanin Durga Puja,South Kolkata,2025,,,Kalighat,,,,,,,,,,,web-verified station address; locality-based assignment
152,14 Pally Udayan Sangha,Central Kolkata,2025,,,Mahatma Gandhi Road,,,,,,,,,,,web-verified station address; locality-based assignment
153,37 Pally Sarbojanin Durgotsab,Central Kolkata,2025,,,Mahatma Gandhi Road,,,,,,,,,,,web-verified station address; locality-based assignment
154,47 Pally Jubak Brinda Durga Puja,Central Kolkata,2025,,,Mahatma Gandhi Road,,,,,,,,,,,web-verified station address; locality-based assignment
155,Central Calcutta Youth Association,Central Kolkata,2025,,,Central,,,,,,,,,,,web-verified station address; locality-based assignment
156,College Square Sarbojanin Durgotsav,Central Kolkata,2025,,,Mahatma Gandhi Road,,,,,,,,,,,web-verified station address; locality-based assignment
157,Entally Matribhumi Durga Puja,Central Kolkata,2025,,,Sealdah,,,,,,,,,,,web-verified station address; locality-based assignment
158,Entally Sarbojanin Sri Sri Durga Puja,Central Kolkata,2025,,,Sealdah,,,,,,,,,,,web-verified station address; locality-based assignment
159,Interact Club of Chowringhee High School Sarbojanin Durga Puja,Central Kolkata,2025,,,Esplanade,,,,,,,,,,,web-verified station address; locality-based assignment
160,Kanai Dhar Lane Adhibasi Brinda,Central Kolkata,2025,,,Central,,,,,,,,,,,web-verified station address; locality-based assignment
161,Machua Bazar Sarbajanik Durga Puja Samity,Central Kolkata,2025,,,Mahatma Gandhi Road,,,,,,,,,,,web-verified station address; locality-based assignment
162,Md. Ali Park Durga Puja,Central Kolkata,2025,,,Mahatma Gandhi Road,,,,,,,,,,,web-verified station address; locality-based assignment
163,New Market Sarbojanin Sri Sri Durga Puja,Central Kolkata,2025,,,Esplanade,,,,,,,,,,,web-verified station address; locality-based assignment
164,Pallir Yubak Brinda Durga Puja,Central Kolkata,2025,,,Esplanade,,,,,,,,,,,web-verified station address; locality-based assignment
165,Santosh Mitra Square Durga Puja,Central Kolkata,2025,,,Sealdah,,,,,,,,,,,web-verified station address; locality-based assignment
166,Shishu Palan Foundation,Central Kolkata,2025,,,Mahatma Gandhi Road,,,,,,,,,,,web-verified station address; locality-based assignment
167,Wellington Nagarik Kalyan Samity Durga Puja,Central Kolkata,2025,,,Esplanade,,,,,,,,,,,web-verified station address; locality-based assignment
168,Shimla Byam Samity,Central Kolkata,2025,,,Mahatma Gandhi Road,,,,,,,,,,,web-verified station address; locality-based assignment
169,Singhi Bagan Durga Puja,Central Kolkata,2025,,,Mahatma Gandhi Road,,,,,,,,,,,web-verified station address; locality-based assignment
170,Beliaghata 33 Palli Durga Puja,Central Kolkata,2025,,,Sealdah,,,,,,,,,,,web-verified station address; locality-based assignment
171,Entally Sarbojanin,Central Kolkata,2025,,,Sealdah,,,,,,,,,,,web-verified station address; locality-based assignment
172,AJ Block Durga Puja,East Kolkata & Salt Lake,2025,,,City Centre,,,,,,,,,,,web-verified station address; locality-based assignment
173,BD Block Sarbojanin Durgotsab Committee,East Kolkata & Salt Lake,2025,,,City Centre,,,,,,,,,,,web-verified station address; locality-based assignment
174,BJ Block Saradotsav Committee,East Kolkata & Salt Lake,2025,,,City Centre,,,,,,,,,,,web-verified station address; locality-based assignment
175,BL Block Durga Puja,East Kolkata & Salt Lake,2025,,,City Centre,,,,,,,,,,,web-verified station address; locality-based assignment
176,EKTP Phase 2 Abasik Puja Samity,East Kolkata & Salt Lake,2025,,,City Centre,,,,,,,,,,,web-verified station address; locality-based assignment
177,Jawpur Bayam Samity Durga Puja,East Kolkata & Salt Lake,2025,,,City Centre,,,,,,,,,,,web-verified station address; locality-based assignment
178,Judge Bagan Sarbojanin Durgotsab,East Kolkata & Salt Lake,2025,,,City Centre,,,,,,,,,,,web-verified station address; locality-based assignment
179,Kanjial Para Puja Samity Durga Puja,East Kolkata & Salt Lake,2025,,,City Centre,,,,,,,,,,,web-verified station address; locality-based assignment
180,Nabapally Adhibashi Brinda Durga Puja,East Kolkata & Salt Lake,2025,,,City Centre,,,,,,,,,,,web-verified station address; locality-based assignment
181,Netaji Sporting Club Durga Puja,East Kolkata & Salt Lake,2025,,,City Centre,,,,,,,,,,,web-verified station address; locality-based assignment
182,Prafulla Kanan Sarbojanin Durgotsab,East Kolkata & Salt Lake,2025,,,City Centre,,,,,,,,,,,web-verified station address; locality-based assignment
183,Purba Kalikata Sarbojanin Durgotsav,East Kolkata & Salt Lake,2025,,,City Centre,,,,,,,,,,,web-verified station address; locality-based assignment
184,Purbanchal Prabhati Sangha Durga Puja,East Kolkata & Salt Lake,2025,,,City Centre,,,,,,,,,,,web-verified station address; locality-based assignment
185,Sixemes Cooperative Housing Durgotsav,East Kolkata & Salt Lake,2025,,,City Centre,,,,,,,,,,,web-verified station address; locality-based assignment
186,"Sree Sree Durga Puja Committee, Rabindrapally",East Kolkata & Salt Lake,2025,,,City Centre,,,,,,,,,,,web-verified station address; locality-based assignment
187,New Town Sarbojanin,East Kolkata & Salt Lake,2025,,,Karunamoyee,,,,,,,,,,,web-verified station address; locality-based assignment
188,AK Block Salt Lake,East Kolkata & Salt Lake,2025,,,City Centre,,,,,,,,,,,web-verified station address; locality-based assignment
189,Mitali Sangha Kankurgachi,East Kolkata & Salt Lake,2025,,,City Centre,,,,,,,,,,,web-verified station address; locality-based assignment
190,2 No Basudebpur Sarbojanin Durga Puja,Behala,2025,,,Behala Bazar,,,,,,,,,,,web-verified station address; locality-based assignment
191,7er Pally Sarbojanin Durga Puja Committee,Behala,2025,,,Behala Bazar,,,,,,,,,,,web-verified station address; locality-based assignment
192,Acharya Prafulla Sangha,Behala,2025,,,Behala Bazar,,,,,,,,,,,web-verified station address; locality-based assignment
193,Ajeya Sanghati Durga Puja,Behala,2025,,,Behala Bazar,,,,,,,,,,,web-verified station address; locality-based assignment
194,Barisha Kumarpara Youngs' Club Durga Puja,Behala,2025,,,Behala Chowrasta,,,,,,,,,,,web-verified station address; locality-based assignment
195,Barisha Maitree Sangha Durgotsab,Behala,2025,,,Behala Chowrasta,,,,,,,,,,,web-verified station address; locality-based assignment
196,Barisha Milani Sangha Durga Puja,Behala,2025,,,Behala Chowrasta,,,,,,,,,,,web-verified station address; locality-based assignment
197,Barisha Netaji Sangha Durga Puja,Behala,2025,,,Behala Chowrasta,,,,,,,,,,,web-verified station address; locality-based assignment
198,Barisha Sarbojanin Durgotsab,Behala,2025,,,Behala Chowrasta,,,,,,,,,,,web-verified station address; locality-based assignment
199,Barisha Saterpalli Sammilani Durga Puja,Behala,2025,,,Behala Chowrasta,,,,,,,,,,,web-verified station address; locality-based assignment
200,Behala 11 Pally Durga Puja,Behala,2025,,,Behala Bazar,,,,,,,,,,,web-verified station address; locality-based assignment
201,Haridevpur 41 Palli,Haridevpur,2025,,,Mahanayak Uttam Kumar,,,,,,,,,,,web-verified station address; locality-based assignment
202,Vivekananda Park Athletic Club Durga Puja,Haridevpur,2025,,,Mahanayak Uttam Kumar,,,,,,,,,,,web-verified station address; locality-based assignment
203,Haridevpur Nabinsathi Club,Haridevpur,2025,,,Mahanayak Uttam Kumar,,,,,,,,,,,web-verified station address; locality-based assignment
204,Sodepur Jatiya Sangha Durga Puja,Haridevpur,2025,,,Mahanayak Uttam Kumar,,,,,,,,,,,web-verified station address; locality-based assignment
205,Adarsha Samiti Club Durga Puja,Haridevpur,2025,,,Mahanayak Uttam Kumar,,,,,,,,,,,web-verified station address; locality-based assignment
206,Haridevpur Vivekananda Park,Haridevpur,2025,,,Mahanayak Uttam Kumar,,,,,,,,,,,web-verified station address; locality-based assignment
207,Haridevpur Friends Club Durga Puja,Haridevpur,2025,,,Mahanayak Uttam Kumar,,,,,,,,,,,web-verified station address; locality-based assignment
208,Haridevpur Paschimpara Sarbojanin,Haridevpur,2025,,,Mahanayak Uttam Kumar,,,,,,,,,,,web-verified station address; locality-based assignment
209,Haridevpur New Sporting Club,Haridevpur,2025,,,Mahanayak Uttam Kumar,,,,,,,,,,,web-verified station address; locality-based assignment
210,Dum Dum Park Tarun Sangha,Dum Dum / South Dumdum,2025,,,Dum Dum,,,,,,,,,,,web-verified station address; locality-based assignment
211,Dum Dum Park Bharat Chakra,Dum Dum / South Dumdum,2025,,,Dum Dum,,,,,,,,,,,web-verified station address; locality-based assignment
212,Dum Dum Park Yubak Brinda,Dum Dum / South Dumdum,2025,,,Dum Dum,,,,,,,,,,,web-verified station address; locality-based assignment
213,Dum Dum Park Sarbojanin Durga Puja Samity,Dum Dum / South Dumdum,2025,,,Dum Dum,,,,,,,,,,,web-verified station address; locality-based assignment
214,Dakshindari Youth,Dum Dum / South Dumdum,2025,,,Dum Dum,,,,,,,,,,,web-verified station address; locality-based assignment
215,Dum Dum Tarun Dal,Dum Dum / South Dumdum,2025,,,Dum Dum,,,,,,,,,,,web-verified station address; locality-based assignment
216,Dum Dum Tarun Sangha,Dum Dum / South Dumdum,2025,,,Dum Dum,,,,,,,,,,,web-verified station address; locality-based assignment
217,Dum Dum Motijheel College Para Durga Puja,Dum Dum / South Dumdum,2025,,,Dum Dum,,,,,,,,,,,web-verified station address; locality-based assignment
218,Dum Dum Park Bharat Mata Puja,Dum Dum / South Dumdum,2025,,,Dum Dum,,,,,,,,,,,web-verified station address; locality-based assignment
219,Nagerbazar Sarbojanin Durga Puja,Dum Dum / South Dumdum,2025,,,Dum Dum,,,,,,,,,,,web-verified station address; locality-based assignment
220,New Town Sarbojanin Durga Puja,New Town,2025,,,Karunamoyee,,,,,,,,,,,web-verified station address; locality-based assignment
221,"New Town Durga Puja Committee, BG Block",New Town,2025,,,Karunamoyee,,,,,,,,,,,web-verified station address; locality-based assignment
222,AA 1D Sarbojanin Durga Puja,New Town,2025,,,Karunamoyee,,,,,,,,,,,web-verified station address; locality-based assignment
223,BD Block Durga Puja,New Town,2025,,,City Centre,,,,,,,,,,,web-verified station address; locality-based assignment
224,CD Block Durga Puja,New Town,2025,,,Karunamoyee,,,,,,,,,,,web-verified station address; locality-based assignment
225,DB Block Durga Puja,New Town,2025,,,Karunamoyee,,,,,,,,,,,web-verified station address; locality-based assignment
226,BA Block Durga Puja,New Town,2025,,,Karunamoyee,,,,,,,,,,,web-verified station address; locality-based assignment
227,CG Block Durga Puja,New Town,2025,,,Karunamoyee,,,,,,,,,,,web-verified station address; locality-based assignment
228,B Block Durga Puja,New Town,2025,,,Karunamoyee,,,,,,,,,,,web-verified station address; locality-based assignment
229,New Town Action Area 1 Puja Committee,New Town,2025,,,Karunamoyee,,,,,,,,,,,web-verified station address; locality-based assignment
230,AK Block Salt Lake Durga Puja,Salt Lake,2025,,,City Centre,,,,,,,,,,,web-verified station address; locality-based assignment
231,BD Block Sarbojanin Durgotsab,Salt Lake,2025,,,City Centre,,,,,,,,,,,web-verified station address; locality-based assignment
232,BJ Block Saradotsav,Salt Lake,2025,,,City Centre,,,,,,,,,,,web-verified station address; locality-based assignment
233,FD Block Durga Puja,Salt Lake,2025,,,City Centre,,,,,,,,,,,web-verified station address; locality-based assignment
234,HB Block Durga Puja,Salt Lake,2025,,,City Centre,,,,,,,,,,,web-verified station address; locality-based assignment
235,EC Block Durga Puja,Salt Lake,2025,,,City Centre,,,,,,,,,,,web-verified station address; locality-based assignment
236,EE Block Durga Puja,Salt Lake,2025,,,City Centre,,,,,,,,,,,web-verified station address; locality-based assignment
237,Salt Lake Labony Estate Durga Puja,Salt Lake,2025,,,City Centre,,,,,,,,,,,web-verified station address; locality-based assignment
238,Behala Nutan Dal Durga Puja,Behala,2025,,,Behala Bazar,,,,,,,,,,,web-verified station address; locality-based assignment
239,Behala Friends Durga Puja,Behala,2025,,,Behala Bazar,,,,,,,,,,,web-verified station address; locality-based assignment
240,Behala Club Durga Puja,Behala,2025,,,Behala Bazar,,,,,,,,,,,web-verified station address; locality-based assignment
241,Behala Young Men's Association Durga Puja,Behala,2025,,,Behala Bazar,,,,,,,,,,,web-verified station address; locality-based assignment
242,Barisha Club Durga Puja,Behala,2025,,,Behala Chowrasta,,,,,,,,,,,web-verified station address; locality-based assignment
243,Barisha Janakalyan Sangha Durga Puja,Behala,2025,,,Behala Chowrasta,,,,,,,,,,,web-verified station address; locality-based assignment
244,Mudiali Club Durga Puja,South Kolkata,2025,,,Rabindra Sarobar,,,,,,,,,,,web-verified station address; locality-based assignment
245,Hazra Park Sarbojanin Durga Puja,South Kolkata,2025,,,Kalighat,,,,,,,,,,,web-verified station address; locality-based assignment
246,Bosepukur Sitala Mandir Durga Puja,South Kolkata,2025,,,Kalighat,,,,,,,,,,,web-verified station address; locality-based assignment
247,Rajdanga Naba Udayan Sangha Durga Puja,South Kolkata,2025,,,Kalighat,,,,,,,,,,,web-verified station address; locality-based assignment
248,Shibmandir Durga Puja,South Kolkata,2025,,,Rabindra Sarobar,,,,,,,,,,,web-verified station address; locality-based assignment
