pandal_id,pandal_name,region,source_year,latitude,longitude,nearest_metro,nearest_metro_distance_km,nearest_railway_station,popularity_score,expected_crowd_level,famous,family_friendly,best_time_to_visit,theme,description,image_url,metro_assignment_note,geocode_query,geocode_status,geocoded_display_name
1,Ahiritola Jubak Brinda Durga Puja,North Kolkata,2025,,,Shobhabazar Sutanuti,,,,,,,,,,,web-verified station address; locality-based assignment,"Ahiritola Jubak Brinda Durga Puja, North Kolkata, Kolkata, West Bengal, India",not_found,
2,Amherst Sarbojanin Durgotsab,North Kolkata,2025,,,Mahatma Gandhi Road,,,,,,,,,,,web-verified station address; locality-based assignment,"Amherst Sarbojanin Durgotsab, North Kolkata, Kolkata, West Bengal, India",not_found,
3,Aswiningar Sarbojanin Durgotsav,North Kolkata,2025,,,Shyambazar,,,,,,,,,,,web-verified station address; locality-based assignment,"Aswiningar Sarbojanin Durgotsav, North Kolkata, Kolkata, West Bengal, India",not_found,
4,Baghbazar Palli Puja O Pradarshani,North Kolkata,2025,,,Shyambazar,,,,,,,,,,,web-verified station address; locality-based assignment,"Baghbazar Palli Puja O Pradarshani, North Kolkata, Kolkata, West Bengal, India",not_found,
5,Bandhudal Durgotsob,North Kolkata,2025,,,Shyambazar,,,,,,,,,,,web-verified station address; locality-based assignment,"Bandhudal Durgotsob, North Kolkata, Kolkata, West Bengal, India",not_found,
6,Beadon Street Sarbojanin Durgotsav,North Kolkata,2025,,,Shyambazar,,,,,,,,,,,web-verified station address; locality-based assignment,"Beadon Street Sarbojanin Durgotsav, North Kolkata, Kolkata, West Bengal, India",not_found,
7,Belgachia Sadharan Durgotsab,North Kolkata,2025,,,Shyambazar,,,,,,,,,,,web-verified station address; locality-based assignment,"Belgachia Sadharan Durgotsab, North Kolkata, Kolkata, West Bengal, India",not_found,
8,Belgachia Yuba Sammilani Durga Puja,North Kolkata,2025,,,Shyambazar,,,,,,,,,,,web-verified station address; locality-based assignment,"Belgachia Yuba Sammilani Durga Puja, North Kolkata, Kolkata, West Bengal, India",not_found,
9,Bhagabati Park Durga Puja Committee,North Kolkata,2025,,,Shyambazar,,,,,,,,,,,web-verified station address; locality-based assignment,"Bhagabati Park Durga Puja Committee, North Kolkata, Kolkata, West Bengal, India",not_found,
10,Bharatiya Tarun Sangha Durga Puja,North Kolkata,2025,,,Shyambazar,,,,,,,,,,,web-verified station address; locality-based assignment,"Bharatiya Tarun Sangha Durga Puja, North Kolkata, Kolkata, West Bengal, India",not_found,
11,Brindaban Matri Mandir Durga Puja,North Kolkata,2025,,,Shyambazar,,,,,,,,,,,web-verified station address; locality-based assignment,"Brindaban Matri Mandir Durga Puja, North Kolkata, Kolkata, West Bengal, India",not_found,
12,Calcutta Youth Forum,North Kolkata,2025,,,Shyambazar,,,,,,,,,,,web-verified station address; locality-based assignment,"Calcutta Youth Forum, North Kolkata, Kolkata, West Bengal, India",not_found,
13,Campbagan Sadharan Durgotsav,North Kolkata,2025,,,Shyambazar,,,,,,,,,,,web-verified station address; locality-based assignment,"Campbagan Sadharan Durgotsav, North Kolkata, Kolkata, West Bengal, India",not_found,
14,Chaltabagan Lohapatty Durga Puja,North Kolkata,2025,,,Girish Park,,,,,,,,,,,web-verified station address; locality-based assignment,"Chaltabagan Lohapatty Durga Puja, North Kolkata, Kolkata, West Bengal, India",not_found,
15,Chorebagan Sarbojanin Durgotsab Samity,North Kolkata,2025,,,Shyambazar,,,,,,,,,,,web-verified station address; locality-based assignment,"Chorebagan Sarbojanin Durgotsab Samity, North Kolkata, Kolkata, West Bengal, India",not_found,
16,Cossipore Shakti Sangha Durga Puja,North Kolkata,2025,,,Shyambazar,,,,,,,,,,,web-verified station address; locality-based assignment,"Cossipore Shakti Sangha Durga Puja, North Kolkata, Kolkata, West Bengal, India",not_found,
17,Dakshin Rabindrapally Sarbojanin Durga Puja,North Kolkata,2025,,,Shyambazar,,,,,,,,,,,web-verified station address; locality-based assignment,"Dakshin Rabindrapally Sarbojanin Durga Puja, North Kolkata, Kolkata, West Bengal, India",not_found,
18,Darjeepara Sarbojanin Durgotsab Samity,North Kolkata,2025,,,Shyambazar,,,,,,,,,,,web-verified station address; locality-based assignment,"Darjeepara Sarbojanin Durgotsab Samity, North Kolkata, Kolkata, West Bengal, India",not_found,
19,Deshbandhunagar Sarbojanin Durgotsab,North Kolkata,2025,,,Dum Dum,,,,,,,,,,,web-verified station address; locality-based assignment,"Deshbandhunagar Sarbojanin Durgotsab, North Kolkata, Kolkata, West Bengal, India",not_found,
20,Dum Dum Park Bharat Chakra Durga Puja,North Kolkata,2025,,,Dum Dum,,,,,,,,,,,web-verified station address; locality-based assignment,"Dum Dum Park Bharat Chakra Durga Puja, North Kolkata, Kolkata, West Bengal, India",not_found,
21,Dum Dum Park Sarbojanin Durga Puja,North Kolkata,2025,,,Dum Dum,,,,,,,,,,,web-verified station address; locality-based assignment,"Dum Dum Park Sarbojanin Durga Puja, North Kolkata, Kolkata, West Bengal, India",not_found,
22,Goabagan Sarodatsav Sammilani Durga Puja,North Kolkata,2025,,,Shyambazar,,,,,,,,,,,web-verified station address; locality-based assignment,"Goabagan Sarodatsav Sammilani Durga Puja, North Kolkata, Kolkata, West Bengal, India",not_found,
23,Golaghata Sammilani Durga Puja,North Kolkata,2025,,,Shyambazar,,,,,,,,,,,web-verified station address; locality-based assignment,"Golaghata Sammilani Durga Puja, North Kolkata, Kolkata, West Bengal, India",not_found,
24,Grey Street Sarbojanin Durga Puja,North Kolkata,2025,,,Shyambazar,,,,,,,,,,,web-verified station address; locality-based assignment,"Grey Street Sarbojanin Durga Puja, North Kolkata, Kolkata, West Bengal, India",not_found,
25,Halsibagan Sarbojanin Durgotsab,North Kolkata,2025,,,Shyambazar,,,,,,,,,,,web-verified station address; locality-based assignment,"Halsibagan Sarbojanin Durgotsab, North Kolkata, Kolkata, West Bengal, India",not_found,
26,Hari Ghosh Street Sarbojanin,North Kolkata,2025,,,Shyambazar,,,,,,,,,,,web-verified station address; locality-based assignment,"Hari Ghosh Street Sarbojanin, North Kolkata, Kolkata, West Bengal, India",not_found,
27,Hatibagan Nabinpally Sarbojanin Durgotsav,North Kolkata,2025,,,Shyambazar,,,,,,,,,,,web-verified station address; locality-based assignment,"Hatibagan Nabinpally Sarbojanin Durgotsav, North Kolkata, Kolkata, West Bengal, India",not_found,
28,Jagat Mukherjee Park Durga Puja,North Kolkata,2025,,,Shobhabazar Sutanuti,,,,,,,,,,,web-verified station address; locality-based assignment,"Jagat Mukherjee Park Durga Puja, North Kolkata, Kolkata, West Bengal, India",not_found,
29,Jokermath Sarbojonin Durga Puja,North Kolkata,2025,,,Shyambazar,,,,,,,,,,,web-verified station address; locality-based assignment,"Jokermath Sarbojonin Durga Puja, North Kolkata, Kolkata, West Bengal, India",not_found,
30,Kailash Bose Street Durga Puja,North Kolkata,2025,,,Shyambazar,,,,,,,,,,,web-verified station address; locality-based assignment,"Kailash Bose Street Durga Puja, North Kolkata, Kolkata, West Bengal, India",not_found,
31,Kankurgachi Sarbojanin Durgotsab,North Kolkata,2025,,,City Centre,,,,,,,,,,,web-verified station address; locality-based assignment,"Kankurgachi Sarbojanin Durgotsab, North Kolkata, Kolkata, West Bengal, India",not_found,
32,Kashi Bose Lane Durga Puja Committee,North Kolkata,2025,,,Girish Park,,,,,,,,,,,web-verified station address; locality-based assignment,"Kashi Bose Lane Durga Puja Committee, North Kolkata, Kolkata, West Bengal, India",not_found,
33,Kumartuli Park Sarbojanin Durgotsab Committee,North Kolkata,2025,,,Shobhabazar Sutanuti,,,,,,,,,,,web-verified station address; locality-based assignment,"Kumartuli Park Sarbojanin Durgotsab Committee, North Kolkata, Kolkata, West Bengal, India",not_found,
34,Kumartuli Sarbojanin Durgotsab,North Kolkata,2025,,,Shobhabazar Sutanuti,,,,,,,,,,,web-verified station address; locality-based assignment,"Kumartuli Sarbojanin Durgotsab, North Kolkata, Kolkata, West Bengal, India",not_found,
35,Lake View Park Sarbojanin Durgotsav Samity,North Kolkata,2025,,,Shyambazar,,,,,,,,,,,web-verified station address; locality-based assignment,"Lake View Park Sarbojanin Durgotsav Samity, North Kolkata, Kolkata, West Bengal, India",not_found,
36,Mahalla Sarbojanin Durgautsab Samity,North Kolkata,2025,,,Shyambazar,,,,,,,,,,,web-verified station address; locality-based assignment,"Mahalla Sarbojanin Durgautsab Samity, North Kolkata, Kolkata, West Bengal, India",not_found,
37,Mitali Kankurgachi Durga Puja,North Kolkata,2025,,,City Centre,,,,,,,,,,,web-verified station address; locality-based assignment,"Mitali Kankurgachi Durga Puja, North Kolkata, Kolkata, West Bengal, India",not_found,
38,Nalin Sarkar Street Sarbojanin Durgotsab,North Kolkata,2025,,,Shyambazar,,,,,,,,,,,web-verified station address; locality-based assignment,"Nalin Sarkar Street Sarbojanin Durgotsab, North Kolkata, Kolkata, West Bengal, India",not_found,
39,Nimtala Sarbojanin Durgotsab,North Kolkata,2025,,,Shyambazar,,,,,,,,,,,web-verified station address; locality-based assignment,"Nimtala Sarbojanin Durgotsab, North Kolkata, Kolkata, West Bengal, India",not_found,
40,Sreebhumi Sporting Club Durga Puja,North Kolkata,2025,,,Shyambazar,,,,,,,,,,,web-verified station address; locality-based assignment,"Sreebhumi Sporting Club Durga Puja, North Kolkata, Kolkata, West Bengal, India",not_found,
41,Tala Barowari Durgotsab,North Kolkata,2025,,,Shyambazar,,,,,,,,,,,web-verified station address; locality-based assignment,"Tala Barowari Durgotsab, North Kolkata, Kolkata, West Bengal, India",not_found,
42,Tala Dakshin Pally Durgotsav Committee,North Kolkata,2025,,,Shyambazar,,,,,,,,,,,web-verified station address; locality-based assignment,"Tala Dakshin Pally Durgotsav Committee, North Kolkata, Kolkata, West Bengal, India",not_found,
43,Tala Park 15 Pally Durga Puja,North Kolkata,2025,,,Shyambazar,,,,,,,,,,,web-verified station address; locality-based assignment,"Tala Park 15 Pally Durga Puja, North Kolkata, Kolkata, West Bengal, India",not_found,
44,Telengabagan Sarbojanin Durgotsab,North Kolkata,2025,,,Shyambazar,,,,,,,,,,,web-verified station address; locality-based assignment,"Telengabagan Sarbojanin Durgotsab, North Kolkata, Kolkata, West Bengal, India",not_found,
45,Ultadanga Jagarani Sangha Durga Puja,North Kolkata,2025,,,Shyambazar,,,,,,,,,,,web-verified station address; locality-based assignment,"Ultadanga Jagarani Sangha Durga Puja, North Kolkata, Kolkata, West Bengal, India",not_found,
46,Ultadanga Pallyshree Durga Puja,North Kolkata,2025,,,Shyambazar,,,,,,,,,,,web-verified station address; locality-based assignment,"Ultadanga Pallyshree Durga Puja, North Kolkata, Kolkata, West Bengal, India",not_found,
47,Ultadanga Sangrami Durga Puja,North Kolkata,2025,,,Shyambazar,,,,,,,,,,,web-verified station address; locality-based assignment,"Ultadanga Sangrami Durga Puja, North Kolkata, Kolkata, West Bengal, India",not_found,
48,Young Citizens Club Durga Puja,North Kolkata,2025,,,Shyambazar,,,,,,,,,,,web-verified station address; locality-based assignment,"Young Citizens Club Durga Puja, North Kolkata, Kolkata, West Bengal, India",not_found,
49,21 Pally Sarbojanin Durgotsab Samiti,South Kolkata,2025,,,Kalighat,,,,,,,,,,,web-verified station address; locality-based assignment,"21 Pally Sarbojanin Durgotsab Samiti, South Kolkata, Kolkata, West Bengal, India",not_found,
50,22 Palli Sarodotsav,South Kolkata,2025,,,Kalighat,,,,,,,,,,,web-verified station address; locality-based assignment,"22 Palli Sarodotsav, South Kolkata, Kolkata, West Bengal, India",not_found,
51,25 Pally Durga Puja,South Kolkata,2025,,,Kalighat,,,,,,,,,,,web-verified station address; locality-based assignment,"25 Pally Durga Puja, South Kolkata, Kolkata, West Bengal, India",not_found,
52,64 Pally Durgotsab Committee,South Kolkata,2025,,,Kalighat,,,,,,,,,,,web-verified station address; locality-based assignment,"64 Pally Durgotsab Committee, South Kolkata, Kolkata, West Bengal, India",not_found,
53,66 Pally Sarbojanin Durgotsab Committee,South Kolkata,2025,,,Kalighat,,,,,,,,,,,web-verified station address; locality-based assignment,"66 Pally Sarbojanin Durgotsab Committee, South Kolkata, Kolkata, West Bengal, India",not_found,
54,70 Pally Sarbojanin Durga Puja,South Kolkata,2025,,,Kalighat,,,,,,,,,,,web-verified station address; locality-based assignment,"70 Pally Sarbojanin Durga Puja, South Kolkata, Kolkata, West Bengal, India",not_found,
55,95 Pally Jodhpur Park Durga Puja,South Kolkata,2025,,,Rabindra Sarobar,,,,,,,,,,,web-verified station address; locality-based assignment,"95 Pally Jodhpur Park Durga Puja, South Kolkata, Kolkata, West Bengal, India",not_found,
56,Abasar Sarbojanin Durgotsab Committee,South Kolkata,2025,,,Kalighat,,,,,,,,,,,web-verified station address; locality-based assignment,"Abasar Sarbojanin Durgotsab Committee, South Kolkata, Kolkata, West Bengal, India",not_found,
57,Abasorika Durgotsav Committee,South Kolkata,2025,,,Kalighat,,,,,,,,,,,web-verified station address; locality-based assignment,"Abasorika Durgotsav Committee, South Kolkata, Kolkata, West Bengal, India",not_found,
58,Adi Ballygunge Sarbojanin Durga Puja,South Kolkata,2025,,,Kalighat,,,,,,,,,,,web-verified station address; locality-based assignment,"Adi Ballygunge Sarbojanin Durga Puja, South Kolkata, Kolkata, West Bengal, India",not_found,
59,Adi Dakshin Kalikata Barowari Samittee,South Kolkata,2025,,,Netaji Bhavan,,,,,,,,,,,web-verified station address; locality-based assignment,"Adi Dakshin Kalikata Barowari Samittee, South Kolkata, Kolkata, West Bengal, India",not_found,
60,Agradut Udaya Sangha Durga Puja,South Kolkata,2025,,,Kalighat,,,,,,,,,,,web-verified station address; locality-based assignment,"Agradut Udaya Sangha Durga Puja, South Kolkata, Kolkata, West Bengal, India",not_found,
61,Arunodaya Adhibashi Brinder Durga Puja,South Kolkata,2025,,,Kalighat,,,,,,,,,,,web-verified station address; locality-based assignment,"Arunodaya Adhibashi Brinder Durga Puja, South Kolkata, Kolkata, West Bengal, India",not_found,
62,Babu Bagan Durga Puja,South Kolkata,2025,,,Kalighat,,,,,,,,,,,web-verified station address; locality-based assignment,"Babu Bagan Durga Puja, South Kolkata, Kolkata, West Bengal, India",not_found,
63,Badamtala Ashar Sangha Durga Puja,South Kolkata,2025,,,Kalighat,,,,,,,,,,,web-verified station address; locality-based assignment,"Badamtala Ashar Sangha Durga Puja, South Kolkata, Kolkata, West Bengal, India",not_found,
64,Baghajatin B and C Block Durgotsav Committee,South Kolkata,2025,,,Masterda Surya Sen,,,,,,,,,,,web-verified station address; locality-based assignment,"Baghajatin B and C Block Durgotsav Committee, South Kolkata, Kolkata, West Bengal, India",not_found,
65,Baghajatin Tarun Sangha Durgotsav,South Kolkata,2025,,,Masterda Surya Sen,,,,,,,,,,,web-verified station address; locality-based assignment,"Baghajatin Tarun Sangha Durgotsav, South Kolkata, Kolkata, West Bengal, India",not_found,
66,Baishnabghata Paschimpara Sarbojanin Durgotsab,South Kolkata,2025,,,Kalighat,,,,,,,,,,,web-verified station address; locality-based assignment,"Baishnabghata Paschimpara Sarbojanin Durgotsab, South Kolkata, Kolkata, West Bengal, India",not_found,
67,Ballygunge Cultural Association Durga Puja,South Kolkata,2025,,,Kalighat,,,,,,,,,,,web-verified station address; locality-based assignment,"Ballygunge Cultural Association Durga Puja, South Kolkata, Kolkata, West Bengal, India",not_found,
68,Ballygunge Pally Sarbojanin Durgotsab Committee,South Kolkata,2025,,,Kalighat,,,,,,,,,,,web-verified station address; locality-based assignment,"Ballygunge Pally Sarbojanin Durgotsab Committee, South Kolkata, Kolkata, West Bengal, India",not_found,
69,Bansdroni Sammilita Sarbojanin Durgotsab Committee,South Kolkata,2025,,,Masterda Surya Sen,,,,,,,,,,,web-verified station address; locality-based assignment,"Bansdroni Sammilita Sarbojanin Durgotsab Committee, South Kolkata, Kolkata, West Bengal, India",not_found,
70,Bediadanga Sarbojanin Durgotsav Committee,South Kolkata,2025,,,Kalighat,,,,,,,,,,,web-verified station address; locality-based assignment,"Bediadanga Sarbojanin Durgotsav Committee, South Kolkata, Kolkata, West Bengal, India",not_found,
71,Beltala Sarbojanin Durgotsab,South Kolkata,2025,,,Kalighat,,,,,,,,,,,web-verified station address; locality-based assignment,"Beltala Sarbojanin Durgotsab, South Kolkata, Kolkata, West Bengal, India",not_found,
72,Bengal United Club Durga Puja,South Kolkata,2025,,,Kalighat,,,,,,,,,,,web-verified station address; locality-based assignment,"Bengal United Club Durga Puja, South Kolkata, Kolkata, West Bengal, India",not_found,
73,Bhawanipore Mahapuja Samity,South Kolkata,2025,,,Netaji Bhavan,,,,,,,,,,,web-verified station address; locality-based assignment,"Bhawanipore Mahapuja Samity, South Kolkata, Kolkata, West Bengal, India",not_found,
74,Bhowanipore De Bari Durga Puja,South Kolkata,2025,,,Netaji Bhavan,,,,,,,,,,,web-verified station address; locality-based assignment,"Bhowanipore De Bari Durga Puja, South Kolkata, Kolkata, West Bengal, India",not_found,
75,Bhowanipore Mitra Bari Durga Puja,South Kolkata,2025,,,Netaji Bhavan,,,,,,,,,,,web-verified station address; locality-based assignment,"Bhowanipore Mitra Bari Durga Puja, South Kolkata, Kolkata, West Bengal, India",not_found,
76,Bhowanipur 75 Palli Durga Puja,South Kolkata,2025,,,Netaji Bhavan,,,,,,,,,,,web-verified station address; locality-based assignment,"Bhowanipur 75 Palli Durga Puja, South Kolkata, Kolkata, West Bengal, India",not_found,
77,Bhowanipur Muktadal Durga Puja,South Kolkata,2025,,,Netaji Bhavan,,,,,,,,,,,web-verified station address; locality-based assignment,"Bhowanipur Muktadal Durga Puja, South Kolkata, Kolkata, West Bengal, India",not_found,
78,Bhowanipur Ritwik Club Durga Puja Committee,South Kolkata,2025,,,Netaji Bhavan,,,,,,,,,,,web-verified station address; locality-based assignment,"Bhowanipur Ritwik Club Durga Puja Committee, South Kolkata, Kolkata, West Bengal, India",not_found,
79,Bhowanipur Sarbojanin Durgotsav,South Kolkata,2025,,,Netaji Bhavan,,,,,,,,,,,web-verified station address; locality-based assignment,"Bhowanipur Sarbojanin Durgotsav, South Kolkata, Kolkata, West Bengal, India",not_found,
80,Bhowanipur Students Club Sarbojanin Durga Puja,South Kolkata,2025,,,Netaji Bhavan,,,,,,,,,,,web-verified station address; locality-based assignment,"Bhowanipur Students Club Sarbojanin Durga Puja, South Kolkata, Kolkata, West Bengal, India",not_found,
81,Bhowanipur Swadhin Sangha Durga Puja,South Kolkata,2025,,,Netaji Bhavan,,,,,,,,,,,web-verified station address; locality-based assignment,"Bhowanipur Swadhin Sangha Durga Puja, South Kolkata, Kolkata, West Bengal, India",not_found,
82,Bhowanipur Udayan Club Durga Puja,South Kolkata,2025,,,Netaji Bhavan,,,,,,,,,,,web-verified station address; locality-based assignment,"Bhowanipur Udayan Club Durga Puja, South Kolkata, Kolkata, West Bengal, India",not_found,
83,Chetla Agrani Club Durga Puja,South Kolkata,2025,,,Kalighat,,,,,,,,,,,web-verified station address; locality-based assignment,"Chetla Agrani Club Durga Puja, South Kolkata, Kolkata, West Bengal, India",not_found,
84,Chetla Sarbasadharaner Durgotsab,South Kolkata,2025,,,Kalighat,,,,,,,,,,,web-verified station address; locality-based assignment,"Chetla Sarbasadharaner Durgotsab, South Kolkata, Kolkata, West Bengal, India",not_found,
85,Dakshin Kolkata Sarbojanin Durgotsab,South Kolkata,2025,,,Kalighat,,,,,,,,,,,web-verified station address; locality-based assignment,"Dakshin Kolkata Sarbojanin Durgotsab, South Kolkata, Kolkata, West Bengal, India",not_found,
86,Deshapriya Park Durga Puja,South Kolkata,2025,,,Kalighat,,,,,,,,,,,web-verified station address; locality-based assignment,"Deshapriya Park Durga Puja, South Kolkata, Kolkata, West Bengal, India",not_found,
87,Dhakuria Pragati Sangha Durga Puja,South Kolkata,2025,,,Rabindra Sarobar,,,,,,,,,,,web-verified station address; locality-based assignment,"Dhakuria Pragati Sangha Durga Puja, South Kolkata, Kolkata, West Bengal, India",not_found,
88,Dhakuria Sarbojanin Durgotsab,South Kolkata,2025,,,Rabindra Sarobar,,,,,,,,,,,web-verified station address; locality-based assignment,"Dhakuria Sarbojanin Durgotsab, South Kolkata, Kolkata, West Bengal, India",not_found,
89,Ekdalia Evergreen Club Durga Puja,South Kolkata,2025,,,Kalighat,,,,,,,,,,,web-verified station address; locality-based assignment,"Ekdalia Evergreen Club Durga Puja, South Kolkata, Kolkata, West Bengal, India",not_found,
90,Falguni Sangha Durga Puja,South Kolkata,2025,,,Kalighat,,,,,,,,,,,web-verified station address; locality-based assignment,"Falguni Sangha Durga Puja, South Kolkata, Kolkata, West Bengal, India",not_found,
91,Garfa Sarbojanin Durgotsav,South Kolkata,2025,,,Kavi Nazrul,,,,,,,,,,,web-verified station address; locality-based assignment,"Garfa Sarbojanin Durgotsav, South Kolkata, Kolkata, West Bengal, India",not_found,
92,Golpark Sarbojanin Durgotsab Committee,South Kolkata,2025,,,Kalighat,,,,,,,,,,,web-verified station address; locality-based assignment,"Golpark Sarbojanin Durgotsab Committee, South Kolkata, Kolkata, West Bengal, India",not_found,
93,Gopal Nagar Kalyan Sangha Durga Puja,South Kolkata,2025,,,Kalighat,,,,,,,,,,,web-verified station address; locality-based assignment,"Gopal Nagar Kalyan Sangha Durga Puja, South Kolkata, Kolkata, West Bengal, India",not_found,
94,Harish Park Sarbojanin Durgotsab Samity,South Kolkata,2025,,,Netaji Bhavan,,,,,,,,,,,web-verified station address; locality-based assignment,"Harish Park Sarbojanin Durgotsab Samity, South Kolkata, Kolkata, West Bengal, India",not_found,
95,Hindustan Pally Durga Puja Committee,South Kolkata,2025,,,Kalighat,,,,,,,,,,,web-verified station address; locality-based assignment,"Hindustan Pally Durga Puja Committee, South Kolkata, Kolkata, West Bengal, India",not_found,
96,Jubamaitry Kalighat Durga Puja,South Kolkata,2025,,,Kalighat,,,,,,,,,,,web-verified station address; locality-based assignment,"Jubamaitry Kalighat Durga Puja, South Kolkata, Kolkata, West Bengal, India",not_found,
97,Kalighat Nepal Bhattacharjee Street Club,South Kolkata,2025,,,Kalighat,,,,,,,,,,,web-verified station address; locality-based assignment,"Kalighat Nepal Bhattacharjee Street Club, South Kolkata, Kolkata, West Bengal, India",not_found,
98,Kasba R.K. Chatterjee Road Adhibasi Brinda Durga Puja,South Kolkata,2025,,,Kalighat,,,,,,,,,,,web-verified station address; locality-based assignment,"Kasba R.K. Chatterjee Road Adhibasi Brinda Durga Puja, South Kolkata, Kolkata, West Bengal, India",not_found,
99,Kasba Renaissance Club,South Kolkata,2025,,,Kalighat,,,,,,,,,,,web-verified station address; locality-based assignment,"Kasba Renaissance Club, South Kolkata, Kolkata, West Bengal, India",not_found,
100,Kasba Shakti Sangha Pallybasi Durgotsav Samity,South Kolkata,2025,,,Kalighat,,,,,,,,,,,web-verified station address; locality-based assignment,"Kasba Shakti Sangha Pallybasi Durgotsav Samity, South Kolkata, Kolkata, West Bengal, India",not_found,
101,Ketopole Sammilani Durga Puja,South Kolkata,2025,,,Kalighat,,,,,,,,,,,web-verified station address; locality-based assignment,"Ketopole Sammilani Durga Puja, South Kolkata, Kolkata, West Bengal, India",not_found,
102,Keyatala Pally Samity Durga Puja,South Kolkata,2025,,,Rabindra Sarobar,,,,,,,,,,,web-verified station address; locality-based assignment,"Keyatala Pally Samity Durga Puja, South Kolkata, Kolkata, West Bengal, India",not_found,
103,Kheyali Sangha Durga Puja,South Kolkata,2025,,,Kalighat,,,,,,,,,,,web-verified station address; locality-based assignment,"Kheyali Sangha Durga Puja, South Kolkata, Kolkata, West Bengal, India",not_found,
104,Khidderpore Sarbojanin Durgotsab,South Kolkata,2025,,,Majerhat,,,,,,,,,,,web-verified station address; locality-based assignment,"Khidderpore Sarbojanin Durgotsab, South Kolkata, Kolkata, West Bengal, India",not_found,
105,Khidderpur 75 Pally Sarbojanin Durgotsab Committee,South Kolkata,2025,,,Kalighat,,,,,,,,,,,web-verified station address; locality-based assignment,"Khidderpur 75 Pally Sarbojanin Durgotsab Committee, South Kolkata, Kolkata, West Bengal, India",not_found,
106,Kidderpore Jubaghosthi Durga Puja,South Kolkata,2025,,,Majerhat,,,,,,,,,,,web-verified station address; locality-based assignment,"Kidderpore Jubaghosthi Durga Puja, South Kolkata, Kolkata, West Bengal, India",not_found,
107,Kidderpore Pally Saradiya Durga Puja,South Kolkata,2025,,,Majerhat,,,,,,,,,,,web-verified station address; locality-based assignment,"Kidderpore Pally Saradiya Durga Puja, South Kolkata, Kolkata, West Bengal, India",not_found,
108,Lake Gardens Peoples Association Durga Puja,South Kolkata,2025,,,Rabindra Sarobar,,,,,,,,,,,web-verified station address; locality-based assignment,"Lake Gardens Peoples Association Durga Puja, South Kolkata, Kolkata, West Bengal, India",not_found,
109,Lake Youth Corner Durga Puja,South Kolkata,2025,,,Rabindra Sarobar,,,,,,,,,,,web-verified station address; locality-based assignment,"Lake Youth Corner Durga Puja, South Kolkata, Kolkata, West Bengal, India",not_found,
110,Mahamayatala Sarbojanin Durgotsab,South Kolkata,2025,,,Kalighat,,,,,,,,,,,web-verified station address; locality-based assignment,"Mahamayatala Sarbojanin Durgotsab, South Kolkata, Kolkata, West Bengal, India",not_found,
111,Megacity Residents Puja Committee,South Kolkata,2025,,,Kalighat,,,,,,,,,,,web-verified station address; locality-based assignment,"Megacity Residents Puja Committee, South Kolkata, Kolkata, West Bengal, India",not_found,
112,Mohila Mahal Club Durga Puja,South Kolkata,2025,,,Kalighat,,,,,,,,,,,web-verified station address; locality-based assignment,"Mohila Mahal Club Durga Puja, South Kolkata, Kolkata, West Bengal, India",not_found,
113,Monohar Pukur Baisakhi Sangha,South Kolkata,2025,,,Kalighat,,,,,,,,,,,web-verified station address; locality-based assignment,"Monohar Pukur Baisakhi Sangha, South Kolkata, Kolkata, West Bengal, India",not_found,
