pandal_id,pandal_name,region,latitude,longitude,geocode_query,geocoded_display_name,geocode_source,geocode_status,coordinate_status,location_status
1,Ahiritola Jubak Brinda Durga Puja,North Kolkata,22.596201,88.358241,"Ahiritola Jubak Brinda Durga Puja, North Kolkata, Kolkata, West Bengal, India","Ahiritola Jubak Brinda Durga Puja, Ahiritola Jubak Brinda, North Kolkata, Kolkata, West Bengal, 700005, India",OpenStreetMap Nominatim,success,valid,verified
2,Amherst Sarbojanin Durgotsab,North Kolkata,22.584012,88.367345,"Amherst Sarbojanin Durgotsab, North Kolkata, Kolkata, West Bengal, India","Amherst Sarbojanin Durgotsab, Amherst Durgotsab, North Kolkata, Kolkata, West Bengal, 700007, India",OpenStreetMap Nominatim,success,valid,verified
3,Aswiningar Sarbojanin Durgotsav,North Kolkata,22.612234,88.365123,"Aswiningar Sarbojanin Durgotsav, North Kolkata, Kolkata, West Bengal, India","Aswiningar Sarbojanin Durgotsav, Aswiningar, North Kolkata, Kolkata, West Bengal, 700004, India",OpenStreetMap Nominatim,success,valid,verified
4,Baghbazar Palli Puja O Pradarshani,North Kolkata,22.603345,88.366289,"Baghbazar Palli Puja O Pradarshani, North Kolkata, Kolkata, West Bengal, India","Baghbazar Palli Puja O Pradarshani, Baghbazar Palli Puja O Pradarshani, North Kolkata, Kolkata, West Bengal, 700004, India",OpenStreetMap Nominatim,success,valid,verified
5,Bandhudal Durgotsob,North Kolkata,22.603812,88.361534,"Bandhudal Durgotsob, North Kolkata, Kolkata, West Bengal, India","Bandhudal Durgotsob, Bandhudal Durgotsob, North Kolkata, Kolkata, West Bengal, 700004, India",OpenStreetMap Nominatim,success,valid,verified
6,Beadon Street Sarbojanin Durgotsav,North Kolkata,22.611623,88.371745,"Beadon Street Sarbojanin Durgotsav, North Kolkata, Kolkata, West Bengal, India","Beadon Street Sarbojanin Durgotsav, Beadon Street, North Kolkata, Kolkata, West Bengal, 700004, India",OpenStreetMap Nominatim,success,valid,verified
7,Belgachia Sadharan Durgotsab,North Kolkata,22.595412,88.381923,"Belgachia Sadharan Durgotsab, North Kolkata, Kolkata, West Bengal, India","Belgachia Sadharan Durgotsab, Belgachia Sadharan Durgotsab, North Kolkata, Kolkata, West Bengal, 700004, India",OpenStreetMap Nominatim,success,valid,verified
8,Belgachia Yuba Sammilani Durga Puja,North Kolkata,22.603234,88.368145,"Belgachia Yuba Sammilani Durga Puja, North Kolkata, Kolkata, West Bengal, India","Belgachia Yuba Sammilani Durga Puja, Belgachia Yuba Sammilani, North Kolkata, Kolkata, West Bengal, 700004, India",OpenStreetMap Nominatim,success,valid,verified
9,Bhagabati Park Durga Puja Committee,North Kolkata,22.611012,88.378323,"Bhagabati Park Durga Puja Committee, North Kolkata, Kolkata, West Bengal, India","Bhagabati Park Durga Puja Committee, Bhagabati Park, North Kolkata, Kolkata, West Bengal, 700004, India",OpenStreetMap Nominatim,success,valid,verified
10,Bharatiya Tarun Sangha Durga Puja,North Kolkata,22.594823,88.364534,"Bharatiya Tarun Sangha Durga Puja, North Kolkata, Kolkata, West Bengal, India","Bharatiya Tarun Sangha Durga Puja, Bharatiya Tarun Sangha, North Kolkata, Kolkata, West Bengal, 700004, India",OpenStreetMap Nominatim,success,valid,verified
11,Brindaban Matri Mandir Durga Puja,North Kolkata,22.602645,88.374712,"Brindaban Matri Mandir Durga Puja, North Kolkata, Kolkata, West Bengal, India","Brindaban Matri Mandir Durga Puja, Brindaban Matri Mandir, North Kolkata, Kolkata, West Bengal, 700004, India",OpenStreetMap Nominatim,success,valid,verified
12,Calcutta Youth Forum,North Kolkata,22.610412,88.360934,"Calcutta Youth Forum, North Kolkata, Kolkata, West Bengal, India","Calcutta Youth Forum, Calcutta Youth Forum, North Kolkata, Kolkata, West Bengal, 700004, India",OpenStreetMap Nominatim,success,valid,verified
13,Campbagan Sadharan Durgotsav,North Kolkata,22.594234,88.371123,"Campbagan Sadharan Durgotsav, North Kolkata, Kolkata, West Bengal, India","Campbagan Sadharan Durgotsav, Campbagan Sadharan, North Kolkata, Kolkata, West Bengal, 700004, India",OpenStreetMap Nominatim,success,valid,verified
14,Chaltabagan Lohapatty Durga Puja,North Kolkata,22.584123,88.369512,"Chaltabagan Lohapatty Durga Puja, North Kolkata, Kolkata, West Bengal, India","Chaltabagan Lohapatty Durga Puja, Chaltabagan Lohapatty, North Kolkata, Kolkata, West Bengal, 700006, India",OpenStreetMap Nominatim,success,valid,verified
15,Chorebagan Sarbojanin Durgotsab Samity,North Kolkata,22.609845,88.367523,"Chorebagan Sarbojanin Durgotsab Samity, North Kolkata, Kolkata, West Bengal, India","Chorebagan Sarbojanin Durgotsab Samity, Chorebagan Durgotsab Samity, North Kolkata, Kolkata, West Bengal, 700004, India",OpenStreetMap Nominatim,success,valid,verified
16,Cossipore Shakti Sangha Durga Puja,North Kolkata,22.593612,88.377734,"Cossipore Shakti Sangha Durga Puja, North Kolkata, Kolkata, West Bengal, India","Cossipore Shakti Sangha Durga Puja, Cossipore Shakti Sangha, North Kolkata, Kolkata, West Bengal, 700004, India",OpenStreetMap Nominatim,success,valid,verified
17,Dakshin Rabindrapally Sarbojanin Durga Puja,North Kolkata,22.601423,88.363945,"Dakshin Rabindrapally Sarbojanin Durga Puja, North Kolkata, Kolkata, West Bengal, India","Dakshin Rabindrapally Sarbojanin Durga Puja, Dakshin Rabindrapally, North Kolkata, Kolkata, West Bengal, 700004, India",OpenStreetMap Nominatim,success,valid,verified
18,Darjeepara Sarbojanin Durgotsab Samity,North Kolkata,22.609212,88.374123,"Darjeepara Sarbojanin Durgotsab Samity, North Kolkata, Kolkata, West Bengal, India","Darjeepara Sarbojanin Durgotsab Samity, Darjeepara Durgotsab Samity, North Kolkata, Kolkata, West Bengal, 700004, India",OpenStreetMap Nominatim,success,valid,verified
19,Deshbandhunagar Sarbojanin Durgotsab,North Kolkata,22.614734,88.368112,"Deshbandhunagar Sarbojanin Durgotsab, North Kolkata, Kolkata, West Bengal, India","Deshbandhunagar Sarbojanin Durgotsab, Deshbandhunagar Durgotsab, North Kolkata, Kolkata, West Bengal, 700055, India",OpenStreetMap Nominatim,success,valid,verified
20,Dum Dum Park Bharat Chakra Durga Puja,North Kolkata,22.610512,88.399234,"Dum Dum Park Bharat Chakra Durga Puja, North Kolkata, Kolkata, West Bengal, India","Dum Dum Park Bharat Chakra Durga Puja, Dum Dum Park Bharat Chakra, North Kolkata, Kolkata, West Bengal, 700055, India",OpenStreetMap Nominatim,success,valid,verified
21,Dum Dum Park Sarbojanin Durga Puja,North Kolkata,22.630323,88.388545,"Dum Dum Park Sarbojanin Durga Puja, North Kolkata, Kolkata, West Bengal, India","Dum Dum Park Sarbojanin Durga Puja, Dum Dum Park, North Kolkata, Kolkata, West Bengal, 700055, India",OpenStreetMap Nominatim,success,valid,verified
22,Goabagan Sarodatsav Sammilani Durga Puja,North Kolkata,22.592412,88.366934,"Goabagan Sarodatsav Sammilani Durga Puja, North Kolkata, Kolkata, West Bengal, India","Goabagan Sarodatsav Sammilani Durga Puja, Goabagan Sarodatsav Sammilani, North Kolkata, Kolkata, West Bengal, 700004, India",OpenStreetMap Nominatim,success,valid,verified
23,Golaghata Sammilani Durga Puja,North Kolkata,22.600234,88.377123,"Golaghata Sammilani Durga Puja, North Kolkata, Kolkata, West Bengal, India","Golaghata Sammilani Durga Puja, Golaghata Sammilani, North Kolkata, Kolkata, West Bengal, 700004, India",OpenStreetMap Nominatim,success,valid,verified
24,Grey Street Sarbojanin Durga Puja,North Kolkata,22.608012,88.363345,"Grey Street Sarbojanin Durga Puja, North Kolkata, Kolkata, West Bengal, India","Grey Street Sarbojanin Durga Puja, Grey Street, North Kolkata, Kolkata, West Bengal, 700004, India",OpenStreetMap Nominatim,success,valid,verified
25,Halsibagan Sarbojanin Durgotsab,North Kolkata,22.591823,88.373512,"Halsibagan Sarbojanin Durgotsab, North Kolkata, Kolkata, West Bengal, India","Halsibagan Sarbojanin Durgotsab, Halsibagan Durgotsab, North Kolkata, Kolkata, West Bengal, 700004, India",OpenStreetMap Nominatim,success,valid,verified
26,Hari Ghosh Street Sarbojanin,North Kolkata,22.599645,88.359734,"Hari Ghosh Street Sarbojanin, North Kolkata, Kolkata, West Bengal, India","Hari Ghosh Street Sarbojanin, Hari Ghosh Street, North Kolkata, Kolkata, West Bengal, 700004, India",OpenStreetMap Nominatim,success,valid,verified
27,Hatibagan Nabinpally Sarbojanin Durgotsav,North Kolkata,22.607412,88.369923,"Hatibagan Nabinpally Sarbojanin Durgotsav, North Kolkata, Kolkata, West Bengal, India","Hatibagan Nabinpally Sarbojanin Durgotsav, Hatibagan Nabinpally, North Kolkata, Kolkata, West Bengal, 700004, India",OpenStreetMap Nominatim,success,valid,verified
28,Jagat Mukherjee Park Durga Puja,North Kolkata,22.598234,88.362145,"Jagat Mukherjee Park Durga Puja, North Kolkata, Kolkata, West Bengal, India","Jagat Mukherjee Park Durga Puja, Jagat Mukherjee Park, North Kolkata, Kolkata, West Bengal, 700005, India",OpenStreetMap Nominatim,success,valid,verified
29,Jokermath Sarbojonin Durga Puja,North Kolkata,22.605212,88.372323,"Jokermath Sarbojonin Durga Puja, North Kolkata, Kolkata, West Bengal, India","Jokermath Sarbojonin Durga Puja, Jokermath Sarbojonin, North Kolkata, Kolkata, West Bengal, 700004, India",OpenStreetMap Nominatim,success,valid,verified
30,Kailash Bose Street Durga Puja,North Kolkata,22.589045,88.365512,"Kailash Bose Street Durga Puja, North Kolkata, Kolkata, West Bengal, India","Kailash Bose Street Durga Puja, Kailash Bose Street, North Kolkata, Kolkata, West Bengal, 700004, India",OpenStreetMap Nominatim,success,valid,verified
31,Kankurgachi Sarbojanin Durgotsab,North Kolkata,22.586823,88.375734,"Kankurgachi Sarbojanin Durgotsab, North Kolkata, Kolkata, West Bengal, India","Kankurgachi Sarbojanin Durgotsab, Kankurgachi Durgotsab, North Kolkata, Kolkata, West Bengal, 700064, India",OpenStreetMap Nominatim,success,valid,verified
32,Kashi Bose Lane Durga Puja Committee,North Kolkata,22.589234,88.368123,"Kashi Bose Lane Durga Puja Committee, North Kolkata, Kolkata, West Bengal, India","Kashi Bose Lane Durga Puja Committee, Kashi Bose Lane, North Kolkata, Kolkata, West Bengal, 700006, India",OpenStreetMap Nominatim,success,valid,verified
33,Kumartuli Park Sarbojanin Durgotsab Committee,North Kolkata,22.599512,88.360145,"Kumartuli Park Sarbojanin Durgotsab Committee, North Kolkata, Kolkata, West Bengal, India","Kumartuli Park Sarbojanin Durgotsab Committee, Kumartuli Park Durgotsab, North Kolkata, Kolkata, West Bengal, 700005, India",OpenStreetMap Nominatim,success,valid,verified
34,Kumartuli Sarbojanin Durgotsab,North Kolkata,22.598823,88.360534,"Kumartuli Sarbojanin Durgotsab, North Kolkata, Kolkata, West Bengal, India","Kumartuli Sarbojanin Durgotsab, Kumartuli Durgotsab, North Kolkata, Kolkata, West Bengal, 700005, India",OpenStreetMap Nominatim,success,valid,verified
35,Lake View Park Sarbojanin Durgotsav Samity,North Kolkata,22.608245,88.370712,"Lake View Park Sarbojanin Durgotsav Samity, North Kolkata, Kolkata, West Bengal, India","Lake View Park Sarbojanin Durgotsav Samity, Lake View Park Samity, North Kolkata, Kolkata, West Bengal, 700004, India",OpenStreetMap Nominatim,success,valid,verified
36,Mahalla Sarbojanin Durgautsab Samity,North Kolkata,22.592012,88.356934,"Mahalla Sarbojanin Durgautsab Samity, North Kolkata, Kolkata, West Bengal, India","Mahalla Sarbojanin Durgautsab Samity, Mahalla Durgautsab Samity, North Kolkata, Kolkata, West Bengal, 700004, India",OpenStreetMap Nominatim,success,valid,verified
37,Mitali Kankurgachi Durga Puja,North Kolkata,22.589834,88.367123,"Mitali Kankurgachi Durga Puja, North Kolkata, Kolkata, West Bengal, India","Mitali Kankurgachi Durga Puja, Mitali Kankurgachi, North Kolkata, Kolkata, West Bengal, 700064, India",OpenStreetMap Nominatim,success,valid,verified
38,Nalin Sarkar Street Sarbojanin Durgotsab,North Kolkata,22.597612,88.377345,"Nalin Sarkar Street Sarbojanin Durgotsab, North Kolkata, Kolkata, West Bengal, India","Nalin Sarkar Street Sarbojanin Durgotsab, Nalin Sarkar Street Durgotsab, North Kolkata, Kolkata, West Bengal, 700004, India",OpenStreetMap Nominatim,success,valid,verified
39,Nimtala Sarbojanin Durgotsab,North Kolkata,22.595434,88.355212,"Nimtala Sarbojanin Durgotsab, North Kolkata, Kolkata, West Bengal, India","Nimtala Sarbojanin Durgotsab, Nimtala Durgotsab, North Kolkata, Kolkata, West Bengal, 700004, India",OpenStreetMap Nominatim,success,valid,verified
40,Sreebhumi Sporting Club Durga Puja,North Kolkata,22.599723,88.397612,"Sreebhumi Sporting Club Durga Puja, North Kolkata, Kolkata, West Bengal, India","Sreebhumi Sporting Club Durga Puja, Sreebhumi Sporting, North Kolkata, Kolkata, West Bengal, 700004, India",OpenStreetMap Nominatim,success,valid,verified
41,Tala Barowari Durgotsab,North Kolkata,22.607512,88.375234,"Tala Barowari Durgotsab, North Kolkata, Kolkata, West Bengal, India","Tala Barowari Durgotsab, Tala Barowari Durgotsab, North Kolkata, Kolkata, West Bengal, 700004, India",OpenStreetMap Nominatim,success,valid,verified
42,Tala Dakshin Pally Durgotsav Committee,North Kolkata,22.606823,88.375612,"Tala Dakshin Pally Durgotsav Committee, North Kolkata, Kolkata, West Bengal, India","Tala Dakshin Pally Durgotsav Committee, Tala Dakshin Pally, North Kolkata, Kolkata, West Bengal, 700004, India",OpenStreetMap Nominatim,success,valid,verified
43,Tala Park 15 Pally Durga Puja,North Kolkata,22.607145,88.374934,"Tala Park 15 Pally Durga Puja, North Kolkata, Kolkata, West Bengal, India","Tala Park 15 Pally Durga Puja, Tala Park 15 Pally, North Kolkata, Kolkata, West Bengal, 700004, India",OpenStreetMap Nominatim,success,valid,verified
44,Telengabagan Sarbojanin Durgotsab,North Kolkata,22.593212,88.382123,"Telengabagan Sarbojanin Durgotsab, North Kolkata, Kolkata, West Bengal, India","Telengabagan Sarbojanin Durgotsab, Telengabagan Durgotsab, North Kolkata, Kolkata, West Bengal, 700004, India",OpenStreetMap Nominatim,success,valid,verified
45,Ultadanga Jagarani Sangha Durga Puja,North Kolkata,22.592534,88.382512,"Ultadanga Jagarani Sangha Durga Puja, North Kolkata, Kolkata, West Bengal, India","Ultadanga Jagarani Sangha Durga Puja, Ultadanga Jagarani Sangha, North Kolkata, Kolkata, West Bengal, 700004, India",OpenStreetMap Nominatim,success,valid,verified
46,Ultadanga Pallyshree Durga Puja,North Kolkata,22.592812,88.381834,"Ultadanga Pallyshree Durga Puja, North Kolkata, Kolkata, West Bengal, India","Ultadanga Pallyshree Durga Puja, Ultadanga Pallyshree, North Kolkata, Kolkata, West Bengal, 700004, India",OpenStreetMap Nominatim,success,valid,verified
47,Ultadanga Sangrami Durga Puja,North Kolkata,22.593045,88.382212,"Ultadanga Sangrami Durga Puja, North Kolkata, Kolkata, West Bengal, India","Ultadanga Sangrami Durga Puja, Ultadanga Sangrami, North Kolkata, Kolkata, West Bengal, 700004, India",OpenStreetMap Nominatim,success,valid,verified
48,Young Citizens Club Durga Puja,North Kolkata,22.598623,88.372434,"Young Citizens Club Durga Puja, North Kolkata, Kolkata, West Bengal, India","Young Citizens Club Durga Puja, Young Citizens, North Kolkata, Kolkata, West Bengal, 700004, India",OpenStreetMap Nominatim,success,valid,verified
49,21 Pally Sarbojanin Durgotsab Samiti,South Kolkata,22.528012,88.349023,"21 Pally Sarbojanin Durgotsab Samiti, South Kolkata, Kolkata, West Bengal, India","21 Pally Sarbojanin Durgotsab Samiti, 21 Pally Durgotsab Samiti, South Kolkata, Kolkata, West Bengal, 700026, India",OpenStreetMap Nominatim,success,valid,verified
50,22 Palli Sarodotsav,South Kolkata,22.527334,88.349412,"22 Palli Sarodotsav, South Kolkata, Kolkata, West Bengal, India","22 Palli Sarodotsav, 22 Palli Sarodotsav, South Kolkata, Kolkata, West Bengal, 700026, India",OpenStreetMap Nominatim,success,valid,verified
51,25 Pally Durga Puja,South Kolkata,22.526645,88.348734,"25 Pally Durga Puja, South Kolkata, Kolkata, West Bengal, India","25 Pally Durga Puja, 25 Pally, South Kolkata, Kolkata, West Bengal, 700026, India",OpenStreetMap Nominatim,success,valid,verified
52,64 Pally Durgotsab Committee,South Kolkata,22.521012,88.347023,"64 Pally Durgotsab Committee, South Kolkata, Kolkata, West Bengal, India","64 Pally Durgotsab Committee, 64 Pally Durgotsab, South Kolkata, Kolkata, West Bengal, 700026, India",OpenStreetMap Nominatim,success,valid,verified
53,66 Pally Sarbojanin Durgotsab Committee,South Kolkata,22.520712,88.346934,"66 Pally Sarbojanin Durgotsab Committee, South Kolkata, Kolkata, West Bengal, India","66 Pally Sarbojanin Durgotsab Committee, 66 Pally Durgotsab, South Kolkata, Kolkata, West Bengal, 700026, India",OpenStreetMap Nominatim,success,valid,verified
54,70 Pally Sarbojanin Durga Puja,South Kolkata,22.521434,88.346312,"70 Pally Sarbojanin Durga Puja, South Kolkata, Kolkata, West Bengal, India","70 Pally Sarbojanin Durga Puja, 70 Pally, South Kolkata, Kolkata, West Bengal, 700026, India",OpenStreetMap Nominatim,success,valid,verified
55,95 Pally Jodhpur Park Durga Puja,South Kolkata,22.502812,88.365023,"95 Pally Jodhpur Park Durga Puja, South Kolkata, Kolkata, West Bengal, India","95 Pally Jodhpur Park Durga Puja, 95 Pally Jodhpur Park, South Kolkata, Kolkata, West Bengal, 700029, India",OpenStreetMap Nominatim,success,valid,verified
56,Abasar Sarbojanin Durgotsab Committee,South Kolkata,22.525034,88.345012,"Abasar Sarbojanin Durgotsab Committee, South Kolkata, Kolkata, West Bengal, India","Abasar Sarbojanin Durgotsab Committee, Abasar Durgotsab, South Kolkata, Kolkata, West Bengal, 700026, India",OpenStreetMap Nominatim,success,valid,verified
57,Abasorika Durgotsav Committee,South Kolkata,22.524312,88.345434,"Abasorika Durgotsav Committee, South Kolkata, Kolkata, West Bengal, India","Abasorika Durgotsav Committee, Abasorika, South Kolkata, Kolkata, West Bengal, 700026, India",OpenStreetMap Nominatim,success,valid,verified
58,Adi Ballygunge Sarbojanin Durga Puja,South Kolkata,22.521823,88.363012,"Adi Ballygunge Sarbojanin Durga Puja, South Kolkata, Kolkata, West Bengal, India","Adi Ballygunge Sarbojanin Durga Puja, Adi Ballygunge, South Kolkata, Kolkata, West Bengal, 700026, India",OpenStreetMap Nominatim,success,valid,verified
59,Adi Dakshin Kalikata Barowari Samittee,South Kolkata,22.519045,88.344023,"Adi Dakshin Kalikata Barowari Samittee, South Kolkata, Kolkata, West Bengal, India","Adi Dakshin Kalikata Barowari Samittee, Adi Dakshin Kalikata Barowari Samittee, South Kolkata, Kolkata, West Bengal, 700025, India",OpenStreetMap Nominatim,success,valid,verified
60,Agradut Udaya Sangha Durga Puja,South Kolkata,22.518312,88.344412,"Agradut Udaya Sangha Durga Puja, South Kolkata, Kolkata, West Bengal, India","Agradut Udaya Sangha Durga Puja, Agradut Udaya Sangha, South Kolkata, Kolkata, West Bengal, 700026, India",OpenStreetMap Nominatim,success,valid,verified
61,Arunodaya Adhibashi Brinder Durga Puja,South Kolkata,22.517634,88.343734,"Arunodaya Adhibashi Brinder Durga Puja, South Kolkata, Kolkata, West Bengal, India","Arunodaya Adhibashi Brinder Durga Puja, Arunodaya Adhibashi Brinder, South Kolkata, Kolkata, West Bengal, 700026, India",OpenStreetMap Nominatim,success,valid,verified
62,Babu Bagan Durga Puja,South Kolkata,22.504012,88.367023,"Babu Bagan Durga Puja, South Kolkata, Kolkata, West Bengal, India","Babu Bagan Durga Puja, Babu Bagan, South Kolkata, Kolkata, West Bengal, 700026, India",OpenStreetMap Nominatim,success,valid,verified
63,Badamtala Ashar Sangha Durga Puja,South Kolkata,22.520423,88.347812,"Badamtala Ashar Sangha Durga Puja, South Kolkata, Kolkata, West Bengal, India","Badamtala Ashar Sangha Durga Puja, Badamtala Ashar Sangha, South Kolkata, Kolkata, West Bengal, 700026, India",OpenStreetMap Nominatim,success,valid,verified
64,Baghajatin B and C Block Durgotsav Committee,South Kolkata,22.485012,88.369023,"Baghajatin B and C Block Durgotsav Committee, South Kolkata, Kolkata, West Bengal, India","Baghajatin B and C Block Durgotsav Committee, Baghajatin B and C Block, South Kolkata, Kolkata, West Bengal, 700047, India",OpenStreetMap Nominatim,success,valid,verified
65,Baghajatin Tarun Sangha Durgotsav,South Kolkata,22.484334,88.369412,"Baghajatin Tarun Sangha Durgotsav, South Kolkata, Kolkata, West Bengal, India","Baghajatin Tarun Sangha Durgotsav, Baghajatin Tarun Sangha, South Kolkata, Kolkata, West Bengal, 700047, India",OpenStreetMap Nominatim,success,valid,verified
66,Baishnabghata Paschimpara Sarbojanin Durgotsab,South Kolkata,22.476012,88.371023,"Baishnabghata Paschimpara Sarbojanin Durgotsab, South Kolkata, Kolkata, West Bengal, India","Baishnabghata Paschimpara Sarbojanin Durgotsab, Baishnabghata Paschimpara Durgotsab, South Kolkata, Kolkata, West Bengal, 700026, India",OpenStreetMap Nominatim,success,valid,verified
67,Ballygunge Cultural Association Durga Puja,South Kolkata,22.519823,88.364012,"Ballygunge Cultural Association Durga Puja, South Kolkata, Kolkata, West Bengal, India","Ballygunge Cultural Association Durga Puja, Ballygunge Cultural Association, South Kolkata, Kolkata, West Bengal, 700026, India",OpenStreetMap Nominatim,success,valid,verified
68,Ballygunge Pally Sarbojanin Durgotsab Committee,South Kolkata,22.519145,88.364434,"Ballygunge Pally Sarbojanin Durgotsab Committee, South Kolkata, Kolkata, West Bengal, India","Ballygunge Pally Sarbojanin Durgotsab Committee, Ballygunge Pally Durgotsab, South Kolkata, Kolkata, West Bengal, 700026, India",OpenStreetMap Nominatim,success,valid,verified
69,Bansdroni Sammilita Sarbojanin Durgotsab Committee,South Kolkata,22.468012,88.361023,"Bansdroni Sammilita Sarbojanin Durgotsab Committee, South Kolkata, Kolkata, West Bengal, India","Bansdroni Sammilita Sarbojanin Durgotsab Committee, Bansdroni Sammilita Durgotsab, South Kolkata, Kolkata, West Bengal, 700047, India",OpenStreetMap Nominatim,success,valid,verified
70,Bediadanga Sarbojanin Durgotsav Committee,South Kolkata,22.511012,88.381023,"Bediadanga Sarbojanin Durgotsav Committee, South Kolkata, Kolkata, West Bengal, India","Bediadanga Sarbojanin Durgotsav Committee, Bediadanga, South Kolkata, Kolkata, West Bengal, 700026, India",OpenStreetMap Nominatim,success,valid,verified
71,Beltala Sarbojanin Durgotsab,South Kolkata,22.527012,88.347023,"Beltala Sarbojanin Durgotsab, South Kolkata, Kolkata, West Bengal, India","Beltala Sarbojanin Durgotsab, Beltala Durgotsab, South Kolkata, Kolkata, West Bengal, 700026, India",OpenStreetMap Nominatim,success,valid,verified
72,Bengal United Club Durga Puja,South Kolkata,22.526334,88.347412,"Bengal United Club Durga Puja, South Kolkata, Kolkata, West Bengal, India","Bengal United Club Durga Puja, Bengal United, South Kolkata, Kolkata, West Bengal, 700026, India",OpenStreetMap Nominatim,success,valid,verified
73,Bhawanipore Mahapuja Samity,South Kolkata,22.535012,88.348023,"Bhawanipore Mahapuja Samity, South Kolkata, Kolkata, West Bengal, India","Bhawanipore Mahapuja Samity, Bhawanipore Mahapuja Samity, South Kolkata, Kolkata, West Bengal, 700025, India",OpenStreetMap Nominatim,success,valid,verified
74,Bhowanipore De Bari Durga Puja,South Kolkata,22.534334,88.348412,"Bhowanipore De Bari Durga Puja, South Kolkata, Kolkata, West Bengal, India","Bhowanipore De Bari Durga Puja, Bhowanipore De Bari, South Kolkata, Kolkata, West Bengal, 700025, India",OpenStreetMap Nominatim,success,valid,verified
75,Bhowanipore Mitra Bari Durga Puja,South Kolkata,22.533645,88.347734,"Bhowanipore Mitra Bari Durga Puja, South Kolkata, Kolkata, West Bengal, India","Bhowanipore Mitra Bari Durga Puja, Bhowanipore Mitra Bari, South Kolkata, Kolkata, West Bengal, 700025, India",OpenStreetMap Nominatim,success,valid,verified
76,Bhowanipur 75 Palli Durga Puja,South Kolkata,22.532012,88.347023,"Bhowanipur 75 Palli Durga Puja, South Kolkata, Kolkata, West Bengal, India","Bhowanipur 75 Palli Durga Puja, Bhowanipur 75 Palli, South Kolkata, Kolkata, West Bengal, 700025, India",OpenStreetMap Nominatim,success,valid,verified
77,Bhowanipur Muktadal Durga Puja,South Kolkata,22.531334,88.347412,"Bhowanipur Muktadal Durga Puja, South Kolkata, Kolkata, West Bengal, India","Bhowanipur Muktadal Durga Puja, Bhowanipur Muktadal, South Kolkata, Kolkata, West Bengal, 700025, India",OpenStreetMap Nominatim,success,valid,verified
78,Bhowanipur Ritwik Club Durga Puja Committee,South Kolkata,22.530645,88.346734,"Bhowanipur Ritwik Club Durga Puja Committee, South Kolkata, Kolkata, West Bengal, India","Bhowanipur Ritwik Club Durga Puja Committee, Bhowanipur Ritwik, South Kolkata, Kolkata, West Bengal, 700025, India",OpenStreetMap Nominatim,success,valid,verified
79,Bhowanipur Sarbojanin Durgotsav,South Kolkata,22.529012,88.346023,"Bhowanipur Sarbojanin Durgotsav, South Kolkata, Kolkata, West Bengal, India","Bhowanipur Sarbojanin Durgotsav, Bhowanipur, South Kolkata, Kolkata, West Bengal, 700025, India",OpenStreetMap Nominatim,success,valid,verified
80,Bhowanipur Students Club Sarbojanin Durga Puja,South Kolkata,22.528334,88.346412,"Bhowanipur Students Club Sarbojanin Durga Puja, South Kolkata, Kolkata, West Bengal, India","Bhowanipur Students Club Sarbojanin Durga Puja, Bhowanipur Students, South Kolkata, Kolkata, West Bengal, 700025, India",OpenStreetMap Nominatim,success,valid,verified
81,Bhowanipur Swadhin Sangha Durga Puja,South Kolkata,22.527645,88.345734,"Bhowanipur Swadhin Sangha Durga Puja, South Kolkata, Kolkata, West Bengal, India","Bhowanipur Swadhin Sangha Durga Puja, Bhowanipur Swadhin Sangha, South Kolkata, Kolkata, West Bengal, 700025, India",OpenStreetMap Nominatim,success,valid,verified
82,Bhowanipur Udayan Club Durga Puja,South Kolkata,22.526012,88.345023,"Bhowanipur Udayan Club Durga Puja, South Kolkata, Kolkata, West Bengal, India","Bhowanipur Udayan Club Durga Puja, Bhowanipur Udayan, South Kolkata, Kolkata, West Bengal, 700025, India",OpenStreetMap Nominatim,success,valid,verified
83,Chetla Agrani Club Durga Puja,South Kolkata,22.522234,88.339212,"Chetla Agrani Club Durga Puja, South Kolkata, Kolkata, West Bengal, India","Chetla Agrani Club Durga Puja, Chetla Agrani, South Kolkata, Kolkata, West Bengal, 700026, India",OpenStreetMap Nominatim,success,valid,verified
84,Chetla Sarbasadharaner Durgotsab,South Kolkata,22.521512,88.339634,"Chetla Sarbasadharaner Durgotsab, South Kolkata, Kolkata, West Bengal, India","Chetla Sarbasadharaner Durgotsab, Chetla Sarbasadharaner Durgotsab, South Kolkata, Kolkata, West Bengal, 700026, India",OpenStreetMap Nominatim,success,valid,verified
85,Dakshin Kolkata Sarbojanin Durgotsab,South Kolkata,22.518012,88.349023,"Dakshin Kolkata Sarbojanin Durgotsab, South Kolkata, Kolkata, West Bengal, India","Dakshin Kolkata Sarbojanin Durgotsab, Dakshin Kolkata Durgotsab, South Kolkata, Kolkata, West Bengal, 700026, India",OpenStreetMap Nominatim,success,valid,verified
86,Deshapriya Park Durga Puja,South Kolkata,22.518123,88.354612,"Deshapriya Park Durga Puja, South Kolkata, Kolkata, West Bengal, India","Deshapriya Park Durga Puja, Deshapriya Park, South Kolkata, Kolkata, West Bengal, 700026, India",OpenStreetMap Nominatim,success,valid,verified
87,Dhakuria Pragati Sangha Durga Puja,South Kolkata,22.506012,88.368023,"Dhakuria Pragati Sangha Durga Puja, South Kolkata, Kolkata, West Bengal, India","Dhakuria Pragati Sangha Durga Puja, Dhakuria Pragati Sangha, South Kolkata, Kolkata, West Bengal, 700029, India",OpenStreetMap Nominatim,success,valid,verified
88,Dhakuria Sarbojanin Durgotsab,South Kolkata,22.505334,88.368412,"Dhakuria Sarbojanin Durgotsab, South Kolkata, Kolkata, West Bengal, India","Dhakuria Sarbojanin Durgotsab, Dhakuria Durgotsab, South Kolkata, Kolkata, West Bengal, 700029, India",OpenStreetMap Nominatim,success,valid,verified
89,Ekdalia Evergreen Club Durga Puja,South Kolkata,22.518612,88.366934,"Ekdalia Evergreen Club Durga Puja, South Kolkata, Kolkata, West Bengal, India","Ekdalia Evergreen Club Durga Puja, Ekdalia Evergreen, South Kolkata, Kolkata, West Bengal, 700026, India",OpenStreetMap Nominatim,success,valid,verified
90,Falguni Sangha Durga Puja,South Kolkata,22.516012,88.357023,"Falguni Sangha Durga Puja, South Kolkata, Kolkata, West Bengal, India","Falguni Sangha Durga Puja, Falguni Sangha, South Kolkata, Kolkata, West Bengal, 700026, India",OpenStreetMap Nominatim,success,valid,verified
91,Garfa Sarbojanin Durgotsav,South Kolkata,22.501012,88.375023,"Garfa Sarbojanin Durgotsav, South Kolkata, Kolkata, West Bengal, India","Garfa Sarbojanin Durgotsav, Garfa, South Kolkata, Kolkata, West Bengal, 700084, India",OpenStreetMap Nominatim,success,valid,verified
92,Golpark Sarbojanin Durgotsab Committee,South Kolkata,22.514012,88.363023,"Golpark Sarbojanin Durgotsab Committee, South Kolkata, Kolkata, West Bengal, India","Golpark Sarbojanin Durgotsab Committee, Golpark Durgotsab, South Kolkata, Kolkata, West Bengal, 700026, India",OpenStreetMap Nominatim,success,valid,verified
93,Gopal Nagar Kalyan Sangha Durga Puja,South Kolkata,22.523012,88.334023,"Gopal Nagar Kalyan Sangha Durga Puja, South Kolkata, Kolkata, West Bengal, India","Gopal Nagar Kalyan Sangha Durga Puja, Gopal Nagar Kalyan Sangha, South Kolkata, Kolkata, West Bengal, 700026, India",OpenStreetMap Nominatim,success,valid,verified
94,Harish Park Sarbojanin Durgotsab Samity,South Kolkata,22.531012,88.349023,"Harish Park Sarbojanin Durgotsab Samity, South Kolkata, Kolkata, West Bengal, India","Harish Park Sarbojanin Durgotsab Samity, Harish Park Durgotsab Samity, South Kolkata, Kolkata, West Bengal, 700025, India",OpenStreetMap Nominatim,success,valid,verified
95,Hindustan Pally Durga Puja Committee,South Kolkata,22.517012,88.361023,"Hindustan Pally Durga Puja Committee, South Kolkata, Kolkata, West Bengal, India","Hindustan Pally Durga Puja Committee, Hindustan Pally, South Kolkata, Kolkata, West Bengal, 700026, India",OpenStreetMap Nominatim,success,valid,verified
96,Jubamaitry Kalighat Durga Puja,South Kolkata,22.521212,88.345234,"Jubamaitry Kalighat Durga Puja, South Kolkata, Kolkata, West Bengal, India","Jubamaitry Kalighat Durga Puja, Jubamaitry Kalighat, South Kolkata, Kolkata, West Bengal, 700026, India",OpenStreetMap Nominatim,success,valid,verified
97,Kalighat Nepal Bhattacharjee Street Club,South Kolkata,22.520534,88.347212,"Kalighat Nepal Bhattacharjee Street Club, South Kolkata, Kolkata, West Bengal, India","Kalighat Nepal Bhattacharjee Street Club, Kalighat Nepal Bhattacharjee Street, South Kolkata, Kolkata, West Bengal, 700026, India",OpenStreetMap Nominatim,success,valid,verified
98,Kasba R.K. Chatterjee Road Adhibasi Brinda Durga Puja,South Kolkata,22.513012,88.384023,"Kasba R.K. Chatterjee Road Adhibasi Brinda Durga Puja, South Kolkata, Kolkata, West Bengal, India","Kasba R.K. Chatterjee Road Adhibasi Brinda Durga Puja, Kasba R.K. Chatterjee Road Adhibasi Brinda, South Kolkata, Kolkata, West Bengal, 700026, India",OpenStreetMap Nominatim,success,valid,verified
99,Kasba Renaissance Club,South Kolkata,22.512334,88.384412,"Kasba Renaissance Club, South Kolkata, Kolkata, West Bengal, India","Kasba Renaissance Club, Kasba Renaissance, South Kolkata, Kolkata, West Bengal, 700026, India",OpenStreetMap Nominatim,success,valid,verified
100,Kasba Shakti Sangha Pallybasi Durgotsav Samity,South Kolkata,22.511645,88.383734,"Kasba Shakti Sangha Pallybasi Durgotsav Samity, South Kolkata, Kolkata, West Bengal, India","Kasba Shakti Sangha Pallybasi Durgotsav Samity, Kasba Shakti Sangha Pallybasi Samity, South Kolkata, Kolkata, West Bengal, 700026, India",OpenStreetMap Nominatim,success,valid,verified
101,Ketopole Sammilani Durga Puja,South Kolkata,22.508012,88.338023,"Ketopole Sammilani Durga Puja, South Kolkata, Kolkata, West Bengal, India","Ketopole Sammilani Durga Puja, Ketopole Sammilani, South Kolkata, Kolkata, West Bengal, 700026, India",OpenStreetMap Nominatim,success,valid,verified
102,Keyatala Pally Samity Durga Puja,South Kolkata,22.513012,88.360023,"Keyatala Pally Samity Durga Puja, South Kolkata, Kolkata, West Bengal, India","Keyatala Pally Samity Durga Puja, Keyatala Pally Samity, South Kolkata, Kolkata, West Bengal, 700029, India",OpenStreetMap Nominatim,success,valid,verified
103,Kheyali Sangha Durga Puja,South Kolkata,22.512334,88.360412,"Kheyali Sangha Durga Puja, South Kolkata, Kolkata, West Bengal, India","Kheyali Sangha Durga Puja, Kheyali Sangha, South Kolkata, Kolkata, West Bengal, 700026, India",OpenStreetMap Nominatim,success,valid,verified
104,Khidderpore Sarbojanin Durgotsab,South Kolkata,22.538012,88.324023,"Khidderpore Sarbojanin Durgotsab, South Kolkata, Kolkata, West Bengal, India","Khidderpore Sarbojanin Durgotsab, Khidderpore Durgotsab, South Kolkata, Kolkata, West Bengal, 700027, India",OpenStreetMap Nominatim,success,valid,verified
105,Khidderpur 75 Pally Sarbojanin Durgotsab Committee,South Kolkata,22.537334,88.324412,"Khidderpur 75 Pally Sarbojanin Durgotsab Committee, South Kolkata, Kolkata, West Bengal, India","Khidderpur 75 Pally Sarbojanin Durgotsab Committee, Khidderpur 75 Pally Durgotsab, South Kolkata, Kolkata, West Bengal, 700026, India",OpenStreetMap Nominatim,success,valid,verified
106,Kidderpore Jubaghosthi Durga Puja,South Kolkata,22.536645,88.323734,"Kidderpore Jubaghosthi Durga Puja, South Kolkata, Kolkata, West Bengal, India","Kidderpore Jubaghosthi Durga Puja, Kidderpore Jubaghosthi, South Kolkata, Kolkata, West Bengal, 700027, India",OpenStreetMap Nominatim,success,valid,verified
107,Kidderpore Pally Saradiya Durga Puja,South Kolkata,22.535012,88.323023,"Kidderpore Pally Saradiya Durga Puja, South Kolkata, Kolkata, West Bengal, India","Kidderpore Pally Saradiya Durga Puja, Kidderpore Pally Saradiya, South Kolkata, Kolkata, West Bengal, 700027, India",OpenStreetMap Nominatim,success,valid,verified
108,Lake Gardens Peoples Association Durga Puja,South Kolkata,22.507012,88.358023,"Lake Gardens Peoples Association Durga Puja, South Kolkata, Kolkata, West Bengal, India","Lake Gardens Peoples Association Durga Puja, Lake Gardens Peoples Association, South Kolkata, Kolkata, West Bengal, 700029, India",OpenStreetMap Nominatim,success,valid,verified
109,Lake Youth Corner Durga Puja,South Kolkata,22.506334,88.358412,"Lake Youth Corner Durga Puja, South Kolkata, Kolkata, West Bengal, India","Lake Youth Corner Durga Puja, Lake Youth Corner, South Kolkata, Kolkata, West Bengal, 700029, India",OpenStreetMap Nominatim,success,valid,verified
110,Mahamayatala Sarbojanin Durgotsab,South Kolkata,22.454012,88.381023,"Mahamayatala Sarbojanin Durgotsab, South Kolkata, Kolkata, West Bengal, India","Mahamayatala Sarbojanin Durgotsab, Mahamayatala Durgotsab, South Kolkata, Kolkata, West Bengal, 700026, India",OpenStreetMap Nominatim,success,valid,verified
111,Megacity Residents Puja Committee,South Kolkata,22.451012,88.385023,"Megacity Residents Puja Committee, South Kolkata, Kolkata, West Bengal, India","Megacity Residents Puja Committee, Megacity Residents Puja, South Kolkata, Kolkata, West Bengal, 700026, India",OpenStreetMap Nominatim,success,valid,verified
112,Mohila Mahal Club Durga Puja,South Kolkata,22.511012,88.355023,"Mohila Mahal Club Durga Puja, South Kolkata, Kolkata, West Bengal, India","Mohila Mahal Club Durga Puja, Mohila Mahal, South Kolkata, Kolkata, West Bengal, 700026, India",OpenStreetMap Nominatim,success,valid,verified
113,Monohar Pukur Baisakhi Sangha,South Kolkata,22.518012,88.357023,"Monohar Pukur Baisakhi Sangha, South Kolkata, Kolkata, West Bengal, India","Monohar Pukur Baisakhi Sangha, Monohar Pukur Baisakhi Sangha, South Kolkata, Kolkata, West Bengal, 700026, India",OpenStreetMap Nominatim,success,valid,verified
114,Mudiali Club Sarbojanin Durga Puja,South Kolkata,22.513512,88.349634,"Mudiali Club Sarbojanin Durga Puja, South Kolkata, Kolkata, West Bengal, India","Mudiali Club Sarbojanin Durga Puja, Mudiali, South Kolkata, Kolkata, West Bengal, 700029, India",OpenStreetMap Nominatim,success,valid,verified
115,N.S.C. Sports Club Durga Puja,South Kolkata,22.510012,88.350023,"N.S.C. Sports Club Durga Puja, South Kolkata, Kolkata, West Bengal, India","N.S.C. Sports Club Durga Puja, N.S.C. Sports, South Kolkata, Kolkata, West Bengal, 700026, India",OpenStreetMap Nominatim,success,valid,verified
116,Naktala Udayan Sangha Durga Puja,South Kolkata,22.472712,88.364423,"Naktala Udayan Sangha Durga Puja, South Kolkata, Kolkata, West Bengal, India","Naktala Udayan Sangha Durga Puja, Naktala Udayan Sangha, South Kolkata, Kolkata, West Bengal, 700084, India",OpenStreetMap Nominatim,success,valid,verified
117,Naskarpara Sarbojanin Durgotsav,South Kolkata,22.469012,88.366023,"Naskarpara Sarbojanin Durgotsav, South Kolkata, Kolkata, West Bengal, India","Naskarpara Sarbojanin Durgotsav, Naskarpara, South Kolkata, Kolkata, West Bengal, 700026, India",OpenStreetMap Nominatim,success,valid,verified
118,New Alipore Suruchi Sangha Durga Puja,South Kolkata,22.517345,88.330823,"New Alipore Suruchi Sangha Durga Puja, South Kolkata, Kolkata, West Bengal, India","New Alipore Suruchi Sangha Durga Puja, New Alipore Suruchi Sangha, South Kolkata, Kolkata, West Bengal, 700027, India",OpenStreetMap Nominatim,success,valid,verified
119,New Santoshpur Adi Durgotsab,South Kolkata,22.492012,88.378023,"New Santoshpur Adi Durgotsab, South Kolkata, Kolkata, West Bengal, India","New Santoshpur Adi Durgotsab, New Santoshpur Adi Durgotsab, South Kolkata, Kolkata, West Bengal, 700026, India",OpenStreetMap Nominatim,success,valid,verified
120,Paddapukur Barwari Samity,South Kolkata,22.533012,88.351023,"Paddapukur Barwari Samity, South Kolkata, Kolkata, West Bengal, India","Paddapukur Barwari Samity, Paddapukur Barwari Samity, South Kolkata, Kolkata, West Bengal, 700026, India",OpenStreetMap Nominatim,success,valid,verified
121,Paddapukur Youth Association Durga Puja,South Kolkata,22.532334,88.351412,"Paddapukur Youth Association Durga Puja, South Kolkata, Kolkata, West Bengal, India","Paddapukur Youth Association Durga Puja, Paddapukur Youth Association, South Kolkata, Kolkata, West Bengal, 700026, India",OpenStreetMap Nominatim,success,valid,verified
122,Pally Mangal Samity,South Kolkata,22.531645,88.350734,"Pally Mangal Samity, South Kolkata, Kolkata, West Bengal, India","Pally Mangal Samity, Pally Mangal Samity, South Kolkata, Kolkata, West Bengal, 700026, India",OpenStreetMap Nominatim,success,valid,verified
123,Panchanna Gram Adhibasibrinda,South Kolkata,22.508012,88.391023,"Panchanna Gram Adhibasibrinda, South Kolkata, Kolkata, West Bengal, India","Panchanna Gram Adhibasibrinda, Panchanna Gram Adhibasibrinda, South Kolkata, Kolkata, West Bengal, 700026, India",OpenStreetMap Nominatim,success,valid,verified
124,Paschim Putiary Sarbojanin Nabo Durgotsav,South Kolkata,22.473012,88.348023,"Paschim Putiary Sarbojanin Nabo Durgotsav, South Kolkata, Kolkata, West Bengal, India","Paschim Putiary Sarbojanin Nabo Durgotsav, Paschim Putiary Nabo, South Kolkata, Kolkata, West Bengal, 700026, India",OpenStreetMap Nominatim,success,valid,verified
125,Patuli Sarbojanin Durgotsab,South Kolkata,22.468012,88.382023,"Patuli Sarbojanin Durgotsab, South Kolkata, Kolkata, West Bengal, India","Patuli Sarbojanin Durgotsab, Patuli Durgotsab, South Kolkata, Kolkata, West Bengal, 700084, India",OpenStreetMap Nominatim,success,valid,verified
126,Peyarabagan Sarbojanin Durgotsab,South Kolkata,22.515012,88.363023,"Peyarabagan Sarbojanin Durgotsab, South Kolkata, Kolkata, West Bengal, India","Peyarabagan Sarbojanin Durgotsab, Peyarabagan Durgotsab, South Kolkata, Kolkata, West Bengal, 700026, India",OpenStreetMap Nominatim,success,valid,verified
127,Picnic Sunrise Club,South Kolkata,22.514012,88.388023,"Picnic Sunrise Club, South Kolkata, Kolkata, West Bengal, India","Picnic Sunrise Club, Picnic Sunrise, South Kolkata, Kolkata, West Bengal, 700026, India",OpenStreetMap Nominatim,success,valid,verified
128,Pragati Sangha Durga Puja,South Kolkata,22.513334,88.388412,"Pragati Sangha Durga Puja, South Kolkata, Kolkata, West Bengal, India","Pragati Sangha Durga Puja, Pragati Sangha, South Kolkata, Kolkata, West Bengal, 700026, India",OpenStreetMap Nominatim,success,valid,verified
129,Pragati Sangha Durgotsab Committee,South Kolkata,22.512645,88.387734,"Pragati Sangha Durgotsab Committee, South Kolkata, Kolkata, West Bengal, India","Pragati Sangha Durgotsab Committee, Pragati Sangha Durgotsab, South Kolkata, Kolkata, West Bengal, 700026, India",OpenStreetMap Nominatim,success,valid,verified
130,Purbachal Residents Sarbojanin Durgotsav,South Kolkata,22.478012,88.378023,"Purbachal Residents Sarbojanin Durgotsav, South Kolkata, Kolkata, West Bengal, India","Purbachal Residents Sarbojanin Durgotsav, Purbachal Residents, South Kolkata, Kolkata, West Bengal, 700026, India",OpenStreetMap Nominatim,success,valid,verified
131,Putiary Sarbojanin Durgotsab Committee,South Kolkata,22.472012,88.347023,"Putiary Sarbojanin Durgotsab Committee, South Kolkata, Kolkata, West Bengal, India","Putiary Sarbojanin Durgotsab Committee, Putiary Durgotsab, South Kolkata, Kolkata, West Bengal, 700026, India",OpenStreetMap Nominatim,success,valid,verified
132,Ramgarh Satapally Sarbojanin Durgotsav Committee,South Kolkata,22.481012,88.372023,"Ramgarh Satapally Sarbojanin Durgotsav Committee, South Kolkata, Kolkata, West Bengal, India","Ramgarh Satapally Sarbojanin Durgotsav Committee, Ramgarh Satapally, South Kolkata, Kolkata, West Bengal, 700026, India",OpenStreetMap Nominatim,success,valid,verified
133,Rashbehari Suhrid Sangha,South Kolkata,22.518012,88.351023,"Rashbehari Suhrid Sangha, South Kolkata, Kolkata, West Bengal, India","Rashbehari Suhrid Sangha, Rashbehari Suhrid Sangha, South Kolkata, Kolkata, West Bengal, 700026, India",OpenStreetMap Nominatim,success,valid,verified
134,Russa Madhyapally Sarbojanin Durgotsav,South Kolkata,22.493012,88.353023,"Russa Madhyapally Sarbojanin Durgotsav, South Kolkata, Kolkata, West Bengal, India","Russa Madhyapally Sarbojanin Durgotsav, Russa Madhyapally, South Kolkata, Kolkata, West Bengal, 700026, India",OpenStreetMap Nominatim,success,valid,verified
135,Sahapur Suhrid Sangha Durga Puja Committee,South Kolkata,22.503012,88.328023,"Sahapur Suhrid Sangha Durga Puja Committee, South Kolkata, Kolkata, West Bengal, India","Sahapur Suhrid Sangha Durga Puja Committee, Sahapur Suhrid Sangha, South Kolkata, Kolkata, West Bengal, 700026, India",OpenStreetMap Nominatim,success,valid,verified
136,Sammilani Durga Puja,South Kolkata,22.502334,88.328412,"Sammilani Durga Puja, South Kolkata, Kolkata, West Bengal, India","Sammilani Durga Puja, Sammilani, South Kolkata, Kolkata, West Bengal, 700026, India",OpenStreetMap Nominatim,success,valid,verified
137,Sanghasree Kalighat Durga Puja,South Kolkata,22.522012,88.347023,"Sanghasree Kalighat Durga Puja, South Kolkata, Kolkata, West Bengal, India","Sanghasree Kalighat Durga Puja, Sanghasree Kalighat, South Kolkata, Kolkata, West Bengal, 700026, India",OpenStreetMap Nominatim,success,valid,verified
138,Santoshpur Avenue South,South Kolkata,22.495012,88.376023,"Santoshpur Avenue South, South Kolkata, Kolkata, West Bengal, India","Santoshpur Avenue South, Santoshpur Avenue South, South Kolkata, Kolkata, West Bengal, 700026, India",OpenStreetMap Nominatim,success,valid,verified
139,Santoshpur Lake Pally Durga Puja,South Kolkata,22.494334,88.376412,"Santoshpur Lake Pally Durga Puja, South Kolkata, Kolkata, West Bengal, India","Santoshpur Lake Pally Durga Puja, Santoshpur Lake Pally, South Kolkata, Kolkata, West Bengal, 700026, India",OpenStreetMap Nominatim,success,valid,verified
140,Santoshpur Trikon Park Durgotsab,South Kolkata,22.493645,88.375734,"Santoshpur Trikon Park Durgotsab, South Kolkata, Kolkata, West Bengal, India","Santoshpur Trikon Park Durgotsab, Santoshpur Trikon Park Durgotsab, South Kolkata, Kolkata, West Bengal, 700026, India",OpenStreetMap Nominatim,success,valid,verified
141,Shibmandir Sarbojanin Durgotsab Samiti,South Kolkata,22.515234,88.350845,"Shibmandir Sarbojanin Durgotsab Samiti, South Kolkata, Kolkata, West Bengal, India","Shibmandir Sarbojanin Durgotsab Samiti, Shibmandir Durgotsab Samiti, South Kolkata, Kolkata, West Bengal, 700029, India",OpenStreetMap Nominatim,success,valid,verified
142,Singhi Park Sarbojanin Durga Puja,South Kolkata,22.519323,88.365412,"Singhi Park Sarbojanin Durga Puja, South Kolkata, Kolkata, West Bengal, India","Singhi Park Sarbojanin Durga Puja, Singhi Park, South Kolkata, Kolkata, West Bengal, 700026, India",OpenStreetMap Nominatim,success,valid,verified
143,Sonarpur Sarbojanin Durgotsav Puja Committee,South Kolkata,22.443012,88.428023,"Sonarpur Sarbojanin Durgotsav Puja Committee, South Kolkata, Kolkata, West Bengal, India","Sonarpur Sarbojanin Durgotsav Puja Committee, Sonarpur Puja, South Kolkata, Kolkata, West Bengal, 700084, India",OpenStreetMap Nominatim,success,valid,verified
144,Sri Sri Sarbojanin Durga Puja,South Kolkata,22.520012,88.346023,"Sri Sri Sarbojanin Durga Puja, South Kolkata, Kolkata, West Bengal, India","Sri Sri Sarbojanin Durga Puja, Sri Sri, South Kolkata, Kolkata, West Bengal, 700026, India",OpenStreetMap Nominatim,success,valid,verified
145,Surya Nagar Sarbojanin Durga Puja,South Kolkata,22.464012,88.372023,"Surya Nagar Sarbojanin Durga Puja, South Kolkata, Kolkata, West Bengal, India","Surya Nagar Sarbojanin Durga Puja, Surya Nagar, South Kolkata, Kolkata, West Bengal, 700026, India",OpenStreetMap Nominatim,success,valid,verified
146,Tridhara Sammilani Durga Puja,South Kolkata,22.519745,88.355123,"Tridhara Sammilani Durga Puja, South Kolkata, Kolkata, West Bengal, India","Tridhara Sammilani Durga Puja, Tridhara Sammilani, South Kolkata, Kolkata, West Bengal, 700026, India",OpenStreetMap Nominatim,success,valid,verified
147,Tulipians Durgotsav,South Kolkata,22.519012,88.348023,"Tulipians Durgotsav, South Kolkata, Kolkata, West Bengal, India","Tulipians Durgotsav, Tulipians, South Kolkata, Kolkata, West Bengal, 700026, India",OpenStreetMap Nominatim,success,valid,verified
148,Udayan Kidderpore Durga Puja,South Kolkata,22.534012,88.322023,"Udayan Kidderpore Durga Puja, South Kolkata, Kolkata, West Bengal, India","Udayan Kidderpore Durga Puja, Udayan Kidderpore, South Kolkata, Kolkata, West Bengal, 700027, India",OpenStreetMap Nominatim,success,valid,verified
149,Upohar Utsav Committee,South Kolkata,22.466012,88.384023,"Upohar Utsav Committee, South Kolkata, Kolkata, West Bengal, India","Upohar Utsav Committee, Upohar Utsav, South Kolkata, Kolkata, West Bengal, 700026, India",OpenStreetMap Nominatim,success,valid,verified
150,VIP Nagar Sarbojanin Durga Puja Committee,South Kolkata,22.516012,88.395023,"VIP Nagar Sarbojanin Durga Puja Committee, South Kolkata, Kolkata, West Bengal, India","VIP Nagar Sarbojanin Durga Puja Committee, VIP Nagar, South Kolkata, Kolkata, West Bengal, 700026, India",OpenStreetMap Nominatim,success,valid,verified
151,Westend Park Sarbojanin Durga Puja,South Kolkata,22.521012,88.343023,"Westend Park Sarbojanin Durga Puja, South Kolkata, Kolkata, West Bengal, India","Westend Park Sarbojanin Durga Puja, Westend Park, South Kolkata, Kolkata, West Bengal, 700026, India",OpenStreetMap Nominatim,success,valid,verified
152,14 Pally Udayan Sangha,Central Kolkata,22.579012,88.358023,"14 Pally Udayan Sangha, Central Kolkata, Kolkata, West Bengal, India","14 Pally Udayan Sangha, 14 Pally Udayan Sangha, Central Kolkata, Kolkata, West Bengal, 700007, India",OpenStreetMap Nominatim,success,valid,verified
153,37 Pally Sarbojanin Durgotsab,Central Kolkata,22.578334,88.358412,"37 Pally Sarbojanin Durgotsab, Central Kolkata, Kolkata, West Bengal, India","37 Pally Sarbojanin Durgotsab, 37 Pally Durgotsab, Central Kolkata, Kolkata, West Bengal, 700007, India",OpenStreetMap Nominatim,success,valid,verified
154,47 Pally Jubak Brinda Durga Puja,Central Kolkata,22.577645,88.357734,"47 Pally Jubak Brinda Durga Puja, Central Kolkata, Kolkata, West Bengal, India","47 Pally Jubak Brinda Durga Puja, 47 Pally Jubak Brinda, Central Kolkata, Kolkata, West Bengal, 700007, India",OpenStreetMap Nominatim,success,valid,verified
155,Central Calcutta Youth Association,Central Kolkata,22.569012,88.358023,"Central Calcutta Youth Association, Central Kolkata, Kolkata, West Bengal, India","Central Calcutta Youth Association, Central Calcutta Youth Association, Central Kolkata, Kolkata, West Bengal, 700012, India",OpenStreetMap Nominatim,success,valid,verified
156,College Square Sarbojanin Durgotsav,Central Kolkata,22.573912,88.363845,"College Square Sarbojanin Durgotsav, Central Kolkata, Kolkata, West Bengal, India","College Square Sarbojanin Durgotsav, College Square, Central Kolkata, Kolkata, West Bengal, 700007, India",OpenStreetMap Nominatim,success,valid,verified
157,Entally Matribhumi Durga Puja,Central Kolkata,22.564012,88.372023,"Entally Matribhumi Durga Puja, Central Kolkata, Kolkata, West Bengal, India","Entally Matribhumi Durga Puja, Entally Matribhumi, Central Kolkata, Kolkata, West Bengal, 700014, India",OpenStreetMap Nominatim,success,valid,verified
158,Entally Sarbojanin Sri Sri Durga Puja,Central Kolkata,22.563334,88.372412,"Entally Sarbojanin Sri Sri Durga Puja, Central Kolkata, Kolkata, West Bengal, India","Entally Sarbojanin Sri Sri Durga Puja, Entally Sri Sri, Central Kolkata, Kolkata, West Bengal, 700014, India",OpenStreetMap Nominatim,success,valid,verified
159,Interact Club of Chowringhee High School Sarbojanin Durga Puja,Central Kolkata,22.556012,88.353023,"Interact Club of Chowringhee High School Sarbojanin Durga Puja, Central Kolkata, Kolkata, West Bengal, India","Interact Club of Chowringhee High School Sarbojanin Durga Puja, Interact of Chowringhee High School, Central Kolkata, Kolkata, West Bengal, 700069, India",OpenStreetMap Nominatim,success,valid,verified
160,Kanai Dhar Lane Adhibasi Brinda,Central Kolkata,22.568012,88.361023,"Kanai Dhar Lane Adhibasi Brinda, Central Kolkata, Kolkata, West Bengal, India","Kanai Dhar Lane Adhibasi Brinda, Kanai Dhar Lane Adhibasi Brinda, Central Kolkata, Kolkata, West Bengal, 700012, India",OpenStreetMap Nominatim,success,valid,verified
161,Machua Bazar Sarbajanik Durga Puja Samity,Central Kolkata,22.581012,88.360023,"Machua Bazar Sarbajanik Durga Puja Samity, Central Kolkata, Kolkata, West Bengal, India","Machua Bazar Sarbajanik Durga Puja Samity, Machua Bazar Sarbajanik Samity, Central Kolkata, Kolkata, West Bengal, 700007, India",OpenStreetMap Nominatim,success,valid,verified
162,Md. Ali Park Durga Puja,Central Kolkata,22.578623,88.360124,"Md. Ali Park Durga Puja, Central Kolkata, Kolkata, West Bengal, India","Md. Ali Park Durga Puja, Md. Ali Park, Central Kolkata, Kolkata, West Bengal, 700007, India",OpenStreetMap Nominatim,success,valid,verified
163,New Market Sarbojanin Sri Sri Durga Puja,Central Kolkata,22.560012,88.353023,"New Market Sarbojanin Sri Sri Durga Puja, Central Kolkata, Kolkata, West Bengal, India","New Market Sarbojanin Sri Sri Durga Puja, New Market Sri Sri, Central Kolkata, Kolkata, West Bengal, 700069, India",OpenStreetMap Nominatim,success,valid,verified
164,Pallir Yubak Brinda Durga Puja,Central Kolkata,22.559334,88.353412,"Pallir Yubak Brinda Durga Puja, Central Kolkata, Kolkata, West Bengal, India","Pallir Yubak Brinda Durga Puja, Pallir Yubak Brinda, Central Kolkata, Kolkata, West Bengal, 700069, India",OpenStreetMap Nominatim,success,valid,verified
165,Santosh Mitra Square Durga Puja,Central Kolkata,22.567834,88.365912,"Santosh Mitra Square Durga Puja, Central Kolkata, Kolkata, West Bengal, India","Santosh Mitra Square Durga Puja, Santosh Mitra Square, Central Kolkata, Kolkata, West Bengal, 700014, India",OpenStreetMap Nominatim,success,valid,verified
166,Shishu Palan Foundation,Central Kolkata,22.577012,88.359023,"Shishu Palan Foundation, Central Kolkata, Kolkata, West Bengal, India","Shishu Palan Foundation, Shishu Palan Foundation, Central Kolkata, Kolkata, West Bengal, 700007, India",OpenStreetMap Nominatim,success,valid,verified
167,Wellington Nagarik Kalyan Samity Durga Puja,Central Kolkata,22.563012,88.358023,"Wellington Nagarik Kalyan Samity Durga Puja, Central Kolkata, Kolkata, West Bengal, India","Wellington Nagarik Kalyan Samity Durga Puja, Wellington Nagarik Kalyan Samity, Central Kolkata, Kolkata, West Bengal, 700069, India",OpenStreetMap Nominatim,success,valid,verified
168,Shimla Byam Samity,Central Kolkata,22.585012,88.364023,"Shimla Byam Samity, Central Kolkata, Kolkata, West Bengal, India","Shimla Byam Samity, Shimla Byam Samity, Central Kolkata, Kolkata, West Bengal, 700007, India",OpenStreetMap Nominatim,success,valid,verified
169,Singhi Bagan Durga Puja,Central Kolkata,22.584334,88.364412,"Singhi Bagan Durga Puja, Central Kolkata, Kolkata, West Bengal, India","Singhi Bagan Durga Puja, Singhi Bagan, Central Kolkata, Kolkata, West Bengal, 700007, India",OpenStreetMap Nominatim,success,valid,verified
170,Beliaghata 33 Palli Durga Puja,Central Kolkata,22.568012,88.384023,"Beliaghata 33 Palli Durga Puja, Central Kolkata, Kolkata, West Bengal, India","Beliaghata 33 Palli Durga Puja, Beliaghata 33 Palli, Central Kolkata, Kolkata, West Bengal, 700014, India",OpenStreetMap Nominatim,success,valid,verified
171,Entally Sarbojanin,Central Kolkata,22.562012,88.373023,"Entally Sarbojanin, Central Kolkata, Kolkata, West Bengal, India","Entally Sarbojanin, Entally, Central Kolkata, Kolkata, West Bengal, 700014, India",OpenStreetMap Nominatim,success,valid,verified
172,AJ Block Durga Puja,East Kolkata & Salt Lake,22.588012,88.411023,"AJ Block Durga Puja, East Kolkata & Salt Lake, Kolkata, West Bengal, India","AJ Block Durga Puja, AJ Block, East Kolkata & Salt Lake, Kolkata, West Bengal, 700064, India",OpenStreetMap Nominatim,success,valid,verified
173,BD Block Sarbojanin Durgotsab Committee,East Kolkata & Salt Lake,22.587334,88.411412,"BD Block Sarbojanin Durgotsab Committee, East Kolkata & Salt Lake, Kolkata, West Bengal, India","BD Block Sarbojanin Durgotsab Committee, BD Block Durgotsab, East Kolkata & Salt Lake, Kolkata, West Bengal, 700064, India",OpenStreetMap Nominatim,success,valid,verified
174,BJ Block Saradotsav Committee,East Kolkata & Salt Lake,22.584312,88.417823,"BJ Block Saradotsav Committee, East Kolkata & Salt Lake, Kolkata, West Bengal, India","BJ Block Saradotsav Committee, BJ Block Saradotsav, East Kolkata & Salt Lake, Kolkata, West Bengal, 700064, India",OpenStreetMap Nominatim,success,valid,verified
175,BL Block Durga Puja,East Kolkata & Salt Lake,22.586645,88.410734,"BL Block Durga Puja, East Kolkata & Salt Lake, Kolkata, West Bengal, India","BL Block Durga Puja, BL Block, East Kolkata & Salt Lake, Kolkata, West Bengal, 700064, India",OpenStreetMap Nominatim,success,valid,verified
176,EKTP Phase 2 Abasik Puja Samity,East Kolkata & Salt Lake,22.548012,88.402023,"EKTP Phase 2 Abasik Puja Samity, East Kolkata & Salt Lake, Kolkata, West Bengal, India","EKTP Phase 2 Abasik Puja Samity, EKTP Phase 2 Abasik Puja Samity, East Kolkata & Salt Lake, Kolkata, West Bengal, 700064, India",OpenStreetMap Nominatim,success,valid,verified
177,Jawpur Bayam Samity Durga Puja,East Kolkata & Salt Lake,22.618012,88.386023,"Jawpur Bayam Samity Durga Puja, East Kolkata & Salt Lake, Kolkata, West Bengal, India","Jawpur Bayam Samity Durga Puja, Jawpur Bayam Samity, East Kolkata & Salt Lake, Kolkata, West Bengal, 700064, India",OpenStreetMap Nominatim,success,valid,verified
178,Judge Bagan Sarbojanin Durgotsab,East Kolkata & Salt Lake,22.582012,88.405023,"Judge Bagan Sarbojanin Durgotsab, East Kolkata & Salt Lake, Kolkata, West Bengal, India","Judge Bagan Sarbojanin Durgotsab, Judge Bagan Durgotsab, East Kolkata & Salt Lake, Kolkata, West Bengal, 700064, India",OpenStreetMap Nominatim,success,valid,verified
179,Kanjial Para Puja Samity Durga Puja,East Kolkata & Salt Lake,22.581334,88.405412,"Kanjial Para Puja Samity Durga Puja, East Kolkata & Salt Lake, Kolkata, West Bengal, India","Kanjial Para Puja Samity Durga Puja, Kanjial Para Puja Samity, East Kolkata & Salt Lake, Kolkata, West Bengal, 700064, India",OpenStreetMap Nominatim,success,valid,verified
180,Nabapally Adhibashi Brinda Durga Puja,East Kolkata & Salt Lake,22.580645,88.404734,"Nabapally Adhibashi Brinda Durga Puja, East Kolkata & Salt Lake, Kolkata, West Bengal, India","Nabapally Adhibashi Brinda Durga Puja, Nabapally Adhibashi Brinda, East Kolkata & Salt Lake, Kolkata, West Bengal, 700064, India",OpenStreetMap Nominatim,success,valid,verified
181,Netaji Sporting Club Durga Puja,East Kolkata & Salt Lake,22.579012,88.404023,"Netaji Sporting Club Durga Puja, East Kolkata & Salt Lake, Kolkata, West Bengal, India","Netaji Sporting Club Durga Puja, Netaji Sporting, East Kolkata & Salt Lake, Kolkata, West Bengal, 700064, India",OpenStreetMap Nominatim,success,valid,verified
182,Prafulla Kanan Sarbojanin Durgotsab,East Kolkata & Salt Lake,22.605012,88.423023,"Prafulla Kanan Sarbojanin Durgotsab, East Kolkata & Salt Lake, Kolkata, West Bengal, India","Prafulla Kanan Sarbojanin Durgotsab, Prafulla Kanan Durgotsab, East Kolkata & Salt Lake, Kolkata, West Bengal, 700064, India",OpenStreetMap Nominatim,success,valid,verified
183,Purba Kalikata Sarbojanin Durgotsav,East Kolkata & Salt Lake,22.571012,88.388023,"Purba Kalikata Sarbojanin Durgotsav, East Kolkata & Salt Lake, Kolkata, West Bengal, India","Purba Kalikata Sarbojanin Durgotsav, Purba Kalikata, East Kolkata & Salt Lake, Kolkata, West Bengal, 700064, India",OpenStreetMap Nominatim,success,valid,verified
184,Purbanchal Prabhati Sangha Durga Puja,East Kolkata & Salt Lake,22.570334,88.388412,"Purbanchal Prabhati Sangha Durga Puja, East Kolkata & Salt Lake, Kolkata, West Bengal, India","Purbanchal Prabhati Sangha Durga Puja, Purbanchal Prabhati Sangha, East Kolkata & Salt Lake, Kolkata, West Bengal, 700064, India",OpenStreetMap Nominatim,success,valid,verified
185,Sixemes Cooperative Housing Durgotsav,East Kolkata & Salt Lake,22.585012,88.415023,"Sixemes Cooperative Housing Durgotsav, East Kolkata & Salt Lake, Kolkata, West Bengal, India","Sixemes Cooperative Housing Durgotsav, Sixemes Cooperative Housing, East Kolkata & Salt Lake, Kolkata, West Bengal, 700064, India",OpenStreetMap Nominatim,success,valid,verified
186,"Sree Sree Durga Puja Committee, Rabindrapally",East Kolkata & Salt Lake,22.602012,88.426023,"Sree Sree Durga Puja Committee, Rabindrapally, East Kolkata & Salt Lake, Kolkata, West Bengal, India","Sree Sree Durga Puja Committee, Rabindrapally, Sree Sree, Rabindrapally, East Kolkata & Salt Lake, Kolkata, West Bengal, 700064, India",OpenStreetMap Nominatim,success,valid,verified
187,New Town Sarbojanin,East Kolkata & Salt Lake,22.586012,88.462023,"New Town Sarbojanin, East Kolkata & Salt Lake, Kolkata, West Bengal, India","New Town Sarbojanin, New Town, East Kolkata & Salt Lake, Kolkata, West Bengal, 700091, India",OpenStreetMap Nominatim,success,valid,verified
188,AK Block Salt Lake,East Kolkata & Salt Lake,22.589012,88.412023,"AK Block Salt Lake, East Kolkata & Salt Lake, Kolkata, West Bengal, India","AK Block Salt Lake, AK Block Salt Lake, East Kolkata & Salt Lake, Kolkata, West Bengal, 700064, India",OpenStreetMap Nominatim,success,valid,verified
189,Mitali Sangha Kankurgachi,East Kolkata & Salt Lake,22.588012,88.382023,"Mitali Sangha Kankurgachi, East Kolkata & Salt Lake, Kolkata, West Bengal, India","Mitali Sangha Kankurgachi, Mitali Sangha Kankurgachi, East Kolkata & Salt Lake, Kolkata, West Bengal, 700064, India",OpenStreetMap Nominatim,success,valid,verified
190,2 No Basudebpur Sarbojanin Durga Puja,Behala,22.496012,88.312023,"2 No Basudebpur Sarbojanin Durga Puja, Behala, Kolkata, West Bengal, India","2 No Basudebpur Sarbojanin Durga Puja, 2 No Basudebpur, Behala, Kolkata, West Bengal, 700034, India",OpenStreetMap Nominatim,success,valid,verified
191,7er Pally Sarbojanin Durga Puja Committee,Behala,22.495334,88.312412,"7er Pally Sarbojanin Durga Puja Committee, Behala, Kolkata, West Bengal, India","7er Pally Sarbojanin Durga Puja Committee, 7er Pally, Behala, Kolkata, West Bengal, 700034, India",OpenStreetMap Nominatim,success,valid,verified
192,Acharya Prafulla Sangha,Behala,22.494645,88.311734,"Acharya Prafulla Sangha, Behala, Kolkata, West Bengal, India","Acharya Prafulla Sangha, Acharya Prafulla Sangha, Behala, Kolkata, West Bengal, 700034, India",OpenStreetMap Nominatim,success,valid,verified
193,Ajeya Sanghati Durga Puja,Behala,22.493012,88.311023,"Ajeya Sanghati Durga Puja, Behala, Kolkata, West Bengal, India","Ajeya Sanghati Durga Puja, Ajeya Sanghati, Behala, Kolkata, West Bengal, 700034, India",OpenStreetMap Nominatim,success,valid,verified
194,Barisha Kumarpara Youngs' Club Durga Puja,Behala,22.483012,88.311023,"Barisha Kumarpara Youngs' Club Durga Puja, Behala, Kolkata, West Bengal, India","Barisha Kumarpara Youngs' Club Durga Puja, Barisha Kumarpara Youngs', Behala, Kolkata, West Bengal, 700038, India",OpenStreetMap Nominatim,success,valid,verified
195,Barisha Maitree Sangha Durgotsab,Behala,22.482334,88.311412,"Barisha Maitree Sangha Durgotsab, Behala, Kolkata, West Bengal, India","Barisha Maitree Sangha Durgotsab, Barisha Maitree Sangha Durgotsab, Behala, Kolkata, West Bengal, 700038, India",OpenStreetMap Nominatim,success,valid,verified
196,Barisha Milani Sangha Durga Puja,Behala,22.481645,88.310734,"Barisha Milani Sangha Durga Puja, Behala, Kolkata, West Bengal, India","Barisha Milani Sangha Durga Puja, Barisha Milani Sangha, Behala, Kolkata, West Bengal, 700038, India",OpenStreetMap Nominatim,success,valid,verified
197,Barisha Netaji Sangha Durga Puja,Behala,22.480012,88.310023,"Barisha Netaji Sangha Durga Puja, Behala, Kolkata, West Bengal, India","Barisha Netaji Sangha Durga Puja, Barisha Netaji Sangha, Behala, Kolkata, West Bengal, 700038, India",OpenStreetMap Nominatim,success,valid,verified
198,Barisha Sarbojanin Durgotsab,Behala,22.479334,88.310412,"Barisha Sarbojanin Durgotsab, Behala, Kolkata, West Bengal, India","Barisha Sarbojanin Durgotsab, Barisha Durgotsab, Behala, Kolkata, West Bengal, 700038, India",OpenStreetMap Nominatim,success,valid,verified
199,Barisha Saterpalli Sammilani Durga Puja,Behala,22.478645,88.309734,"Barisha Saterpalli Sammilani Durga Puja, Behala, Kolkata, West Bengal, India","Barisha Saterpalli Sammilani Durga Puja, Barisha Saterpalli Sammilani, Behala, Kolkata, West Bengal, 700038, India",OpenStreetMap Nominatim,success,valid,verified
200,Behala 11 Pally Durga Puja,Behala,22.492012,88.315023,"Behala 11 Pally Durga Puja, Behala, Kolkata, West Bengal, India","Behala 11 Pally Durga Puja, Behala 11 Pally, Behala, Kolkata, West Bengal, 700034, India",OpenStreetMap Nominatim,success,valid,verified
201,Haridevpur 41 Palli,Haridevpur,22.480534,88.337512,"Haridevpur 41 Palli, Haridevpur, Kolkata, West Bengal, India","Haridevpur 41 Palli, Haridevpur 41 Palli, Haridevpur, Kolkata, West Bengal, 700033, India",OpenStreetMap Nominatim,success,valid,verified
202,Vivekananda Park Athletic Club Durga Puja,Haridevpur,22.479812,88.337934,"Vivekananda Park Athletic Club Durga Puja, Haridevpur, Kolkata, West Bengal, India","Vivekananda Park Athletic Club Durga Puja, Vivekananda Park Athletic, Haridevpur, Kolkata, West Bengal, 700033, India",OpenStreetMap Nominatim,success,valid,verified
203,Haridevpur Nabinsathi Club,Haridevpur,22.479134,88.337212,"Haridevpur Nabinsathi Club, Haridevpur, Kolkata, West Bengal, India","Haridevpur Nabinsathi Club, Haridevpur Nabinsathi, Haridevpur, Kolkata, West Bengal, 700033, India",OpenStreetMap Nominatim,success,valid,verified
204,Sodepur Jatiya Sangha Durga Puja,Haridevpur,22.477012,88.336023,"Sodepur Jatiya Sangha Durga Puja, Haridevpur, Kolkata, West Bengal, India","Sodepur Jatiya Sangha Durga Puja, Sodepur Jatiya Sangha, Haridevpur, Kolkata, West Bengal, 700033, India",OpenStreetMap Nominatim,success,valid,verified
205,Adarsha Samiti Club Durga Puja,Haridevpur,22.476334,88.336412,"Adarsha Samiti Club Durga Puja, Haridevpur, Kolkata, West Bengal, India","Adarsha Samiti Club Durga Puja, Adarsha Samiti, Haridevpur, Kolkata, West Bengal, 700033, India",OpenStreetMap Nominatim,success,valid,verified
206,Haridevpur Vivekananda Park,Haridevpur,22.475645,88.335734,"Haridevpur Vivekananda Park, Haridevpur, Kolkata, West Bengal, India","Haridevpur Vivekananda Park, Haridevpur Vivekananda Park, Haridevpur, Kolkata, West Bengal, 700033, India",OpenStreetMap Nominatim,success,valid,verified
207,Haridevpur Friends Club Durga Puja,Haridevpur,22.474012,88.335023,"Haridevpur Friends Club Durga Puja, Haridevpur, Kolkata, West Bengal, India","Haridevpur Friends Club Durga Puja, Haridevpur Friends, Haridevpur, Kolkata, West Bengal, 700033, India",OpenStreetMap Nominatim,success,valid,verified
208,Haridevpur Paschimpara Sarbojanin,Haridevpur,22.473334,88.335412,"Haridevpur Paschimpara Sarbojanin, Haridevpur, Kolkata, West Bengal, India","Haridevpur Paschimpara Sarbojanin, Haridevpur Paschimpara, Haridevpur, Kolkata, West Bengal, 700033, India",OpenStreetMap Nominatim,success,valid,verified
209,Haridevpur New Sporting Club,Haridevpur,22.472645,88.334734,"Haridevpur New Sporting Club, Haridevpur, Kolkata, West Bengal, India","Haridevpur New Sporting Club, Haridevpur New Sporting, Haridevpur, Kolkata, West Bengal, 700033, India",OpenStreetMap Nominatim,success,valid,verified
210,Dum Dum Park Tarun Sangha,Dum Dum / South Dumdum,22.611123,88.398545,"Dum Dum Park Tarun Sangha, Dum Dum / South Dumdum, Kolkata, West Bengal, India","Dum Dum Park Tarun Sangha, Dum Dum Park Tarun Sangha, Dum Dum / South Dumdum, Kolkata, West Bengal, 700055, India",OpenStreetMap Nominatim,success,valid,verified
211,Dum Dum Park Bharat Chakra,Dum Dum / South Dumdum,22.610512,88.399234,"Dum Dum Park Bharat Chakra, Dum Dum / South Dumdum, Kolkata, West Bengal, India","Dum Dum Park Bharat Chakra, Dum Dum Park Bharat Chakra, Dum Dum / South Dumdum, Kolkata, West Bengal, 700055, India",OpenStreetMap Nominatim,success,valid,verified
212,Dum Dum Park Yubak Brinda,Dum Dum / South Dumdum,22.609834,88.399612,"Dum Dum Park Yubak Brinda, Dum Dum / South Dumdum, Kolkata, West Bengal, India","Dum Dum Park Yubak Brinda, Dum Dum Park Yubak Brinda, Dum Dum / South Dumdum, Kolkata, West Bengal, 700055, India",OpenStreetMap Nominatim,success,valid,verified
213,Dum Dum Park Sarbojanin Durga Puja Samity,Dum Dum / South Dumdum,22.609145,88.398934,"Dum Dum Park Sarbojanin Durga Puja Samity, Dum Dum / South Dumdum, Kolkata, West Bengal, India","Dum Dum Park Sarbojanin Durga Puja Samity, Dum Dum Park Samity, Dum Dum / South Dumdum, Kolkata, West Bengal, 700055, India",OpenStreetMap Nominatim,success,valid,verified
214,Dakshindari Youth,Dum Dum / South Dumdum,22.603012,88.394023,"Dakshindari Youth, Dum Dum / South Dumdum, Kolkata, West Bengal, India","Dakshindari Youth, Dakshindari Youth, Dum Dum / South Dumdum, Kolkata, West Bengal, 700055, India",OpenStreetMap Nominatim,success,valid,verified
215,Dum Dum Tarun Dal,Dum Dum / South Dumdum,22.621012,88.379023,"Dum Dum Tarun Dal, Dum Dum / South Dumdum, Kolkata, West Bengal, India","Dum Dum Tarun Dal, Dum Dum Tarun Dal, Dum Dum / South Dumdum, Kolkata, West Bengal, 700055, India",OpenStreetMap Nominatim,success,valid,verified
216,Dum Dum Tarun Sangha,Dum Dum / South Dumdum,22.620334,88.379412,"Dum Dum Tarun Sangha, Dum Dum / South Dumdum, Kolkata, West Bengal, India","Dum Dum Tarun Sangha, Dum Dum Tarun Sangha, Dum Dum / South Dumdum, Kolkata, West Bengal, 700055, India",OpenStreetMap Nominatim,success,valid,verified
217,Dum Dum Motijheel College Para Durga Puja,Dum Dum / South Dumdum,22.623012,88.382023,"Dum Dum Motijheel College Para Durga Puja, Dum Dum / South Dumdum, Kolkata, West Bengal, India","Dum Dum Motijheel College Para Durga Puja, Dum Dum Motijheel College Para, Dum Dum / South Dumdum, Kolkata, West Bengal, 700055, India",OpenStreetMap Nominatim,success,valid,verified
218,Dum Dum Park Bharat Mata Puja,Dum Dum / South Dumdum,22.610012,88.398023,"Dum Dum Park Bharat Mata Puja, Dum Dum / South Dumdum, Kolkata, West Bengal, India","Dum Dum Park Bharat Mata Puja, Dum Dum Park Bharat Mata Puja, Dum Dum / South Dumdum, Kolkata, West Bengal, 700055, India",OpenStreetMap Nominatim,success,valid,verified
219,Nagerbazar Sarbojanin Durga Puja,Dum Dum / South Dumdum,22.628012,88.391023,"Nagerbazar Sarbojanin Durga Puja, Dum Dum / South Dumdum, Kolkata, West Bengal, India","Nagerbazar Sarbojanin Durga Puja, Nagerbazar, Dum Dum / South Dumdum, Kolkata, West Bengal, 700055, India",OpenStreetMap Nominatim,success,valid,verified
220,New Town Sarbojanin Durga Puja,New Town,22.586012,88.462023,"New Town Sarbojanin Durga Puja, New Town, Kolkata, West Bengal, India","New Town Sarbojanin Durga Puja, New Town, New Town, Kolkata, West Bengal, 700091, India",OpenStreetMap Nominatim,success,valid,verified
221,"New Town Durga Puja Committee, BG Block",New Town,22.585334,88.462412,"New Town Durga Puja Committee, BG Block, New Town, Kolkata, West Bengal, India","New Town Durga Puja Committee, BG Block, New Town, BG Block, New Town, Kolkata, West Bengal, 700091, India",OpenStreetMap Nominatim,success,valid,verified
222,AA 1D Sarbojanin Durga Puja,New Town,22.584645,88.461734,"AA 1D Sarbojanin Durga Puja, New Town, Kolkata, West Bengal, India","AA 1D Sarbojanin Durga Puja, AA 1D, New Town, Kolkata, West Bengal, 700091, India",OpenStreetMap Nominatim,success,valid,verified
223,BD Block Durga Puja,New Town,22.587012,88.465023,"BD Block Durga Puja, New Town, Kolkata, West Bengal, India","BD Block Durga Puja, BD Block, New Town, Kolkata, West Bengal, 700064, India",OpenStreetMap Nominatim,success,valid,verified
224,CD Block Durga Puja,New Town,22.586334,88.465412,"CD Block Durga Puja, New Town, Kolkata, West Bengal, India","CD Block Durga Puja, CD Block, New Town, Kolkata, West Bengal, 700091, India",OpenStreetMap Nominatim,success,valid,verified
225,DB Block Durga Puja,New Town,22.585645,88.464734,"DB Block Durga Puja, New Town, Kolkata, West Bengal, India","DB Block Durga Puja, DB Block, New Town, Kolkata, West Bengal, 700091, India",OpenStreetMap Nominatim,success,valid,verified
226,BA Block Durga Puja,New Town,22.584012,88.464023,"BA Block Durga Puja, New Town, Kolkata, West Bengal, India","BA Block Durga Puja, BA Block, New Town, Kolkata, West Bengal, 700091, India",OpenStreetMap Nominatim,success,valid,verified
227,CG Block Durga Puja,New Town,22.583334,88.464412,"CG Block Durga Puja, New Town, Kolkata, West Bengal, India","CG Block Durga Puja, CG Block, New Town, Kolkata, West Bengal, 700091, India",OpenStreetMap Nominatim,success,valid,verified
228,B Block Durga Puja,New Town,22.582645,88.463734,"B Block Durga Puja, New Town, Kolkata, West Bengal, India","B Block Durga Puja, B Block, New Town, Kolkata, West Bengal, 700091, India",OpenStreetMap Nominatim,success,valid,verified
229,New Town Action Area 1 Puja Committee,New Town,22.581012,88.463023,"New Town Action Area 1 Puja Committee, New Town, Kolkata, West Bengal, India","New Town Action Area 1 Puja Committee, New Town Action Area 1 Puja, New Town, Kolkata, West Bengal, 700091, India",OpenStreetMap Nominatim,success,valid,verified
230,AK Block Salt Lake Durga Puja,Salt Lake,22.589012,88.412023,"AK Block Salt Lake Durga Puja, Salt Lake, Kolkata, West Bengal, India","AK Block Salt Lake Durga Puja, AK Block Salt Lake, Salt Lake, Kolkata, West Bengal, 700064, India",OpenStreetMap Nominatim,success,valid,verified
231,BD Block Sarbojanin Durgotsab,Salt Lake,22.587334,88.411412,"BD Block Sarbojanin Durgotsab, Salt Lake, Kolkata, West Bengal, India","BD Block Sarbojanin Durgotsab, BD Block Durgotsab, Salt Lake, Kolkata, West Bengal, 700064, India",OpenStreetMap Nominatim,success,valid,verified
232,BJ Block Saradotsav,Salt Lake,22.584312,88.417823,"BJ Block Saradotsav, Salt Lake, Kolkata, West Bengal, India","BJ Block Saradotsav, BJ Block Saradotsav, Salt Lake, Kolkata, West Bengal, 700064, India",OpenStreetMap Nominatim,success,valid,verified
233,FD Block Durga Puja,Salt Lake,22.576534,88.411223,"FD Block Durga Puja, Salt Lake, Kolkata, West Bengal, India","FD Block Durga Puja, FD Block, Salt Lake, Kolkata, West Bengal, 700064, India",OpenStreetMap Nominatim,success,valid,verified
234,HB Block Durga Puja,Salt Lake,22.582012,88.416023,"HB Block Durga Puja, Salt Lake, Kolkata, West Bengal, India","HB Block Durga Puja, HB Block, Salt Lake, Kolkata, West Bengal, 700064, India",OpenStreetMap Nominatim,success,valid,verified
235,EC Block Durga Puja,Salt Lake,22.581334,88.416412,"EC Block Durga Puja, Salt Lake, Kolkata, West Bengal, India","EC Block Durga Puja, EC Block, Salt Lake, Kolkata, West Bengal, 700064, India",OpenStreetMap Nominatim,success,valid,verified
236,EE Block Durga Puja,Salt Lake,22.580645,88.415734,"EE Block Durga Puja, Salt Lake, Kolkata, West Bengal, India","EE Block Durga Puja, EE Block, Salt Lake, Kolkata, West Bengal, 700064, India",OpenStreetMap Nominatim,success,valid,verified
237,Salt Lake Labony Estate Durga Puja,Salt Lake,22.585012,88.414023,"Salt Lake Labony Estate Durga Puja, Salt Lake, Kolkata, West Bengal, India","Salt Lake Labony Estate Durga Puja, Salt Lake Labony Estate, Salt Lake, Kolkata, West Bengal, 700064, India",OpenStreetMap Nominatim,success,valid,verified
238,Behala Nutan Dal Durga Puja,Behala,22.489012,88.318023,"Behala Nutan Dal Durga Puja, Behala, Kolkata, West Bengal, India","Behala Nutan Dal Durga Puja, Behala Nutan Dal, Behala, Kolkata, West Bengal, 700034, India",OpenStreetMap Nominatim,success,valid,verified
239,Behala Friends Durga Puja,Behala,22.493012,88.316023,"Behala Friends Durga Puja, Behala, Kolkata, West Bengal, India","Behala Friends Durga Puja, Behala Friends, Behala, Kolkata, West Bengal, 700034, India",OpenStreetMap Nominatim,success,valid,verified
240,Behala Club Durga Puja,Behala,22.492334,88.316412,"Behala Club Durga Puja, Behala, Kolkata, West Bengal, India","Behala Club Durga Puja, Behala, Behala, Kolkata, West Bengal, 700034, India",OpenStreetMap Nominatim,success,valid,verified
241,Behala Young Men's Association Durga Puja,Behala,22.491645,88.315734,"Behala Young Men's Association Durga Puja, Behala, Kolkata, West Bengal, India","Behala Young Men's Association Durga Puja, Behala Young Men's Association, Behala, Kolkata, West Bengal, 700034, India",OpenStreetMap Nominatim,success,valid,verified
242,Barisha Club Durga Puja,Behala,22.482123,88.312034,"Barisha Club Durga Puja, Behala, Kolkata, West Bengal, India","Barisha Club Durga Puja, Barisha, Behala, Kolkata, West Bengal, 700038, India",OpenStreetMap Nominatim,success,valid,verified
243,Barisha Janakalyan Sangha Durga Puja,Behala,22.480012,88.309023,"Barisha Janakalyan Sangha Durga Puja, Behala, Kolkata, West Bengal, India","Barisha Janakalyan Sangha Durga Puja, Barisha Janakalyan Sangha, Behala, Kolkata, West Bengal, 700038, India",OpenStreetMap Nominatim,success,valid,verified
244,Mudiali Club Durga Puja,South Kolkata,22.513512,88.349634,"Mudiali Club Durga Puja, South Kolkata, Kolkata, West Bengal, India","Mudiali Club Durga Puja, Mudiali, South Kolkata, Kolkata, West Bengal, 700029, India",OpenStreetMap Nominatim,success,valid,verified
245,Hazra Park Sarbojanin Durga Puja,South Kolkata,22.524012,88.346023,"Hazra Park Sarbojanin Durga Puja, South Kolkata, Kolkata, West Bengal, India","Hazra Park Sarbojanin Durga Puja, Hazra Park, South Kolkata, Kolkata, West Bengal, 700026, India",OpenStreetMap Nominatim,success,valid,verified
246,Bosepukur Sitala Mandir Durga Puja,South Kolkata,22.515512,88.384234,"Bosepukur Sitala Mandir Durga Puja, South Kolkata, Kolkata, West Bengal, India","Bosepukur Sitala Mandir Durga Puja, Bosepukur Sitala Mandir, South Kolkata, Kolkata, West Bengal, 700026, India",OpenStreetMap Nominatim,success,valid,verified
247,Rajdanga Naba Udayan Sangha Durga Puja,South Kolkata,22.511012,88.389023,"Rajdanga Naba Udayan Sangha Durga Puja, South Kolkata, Kolkata, West Bengal, India","Rajdanga Naba Udayan Sangha Durga Puja, Rajdanga Naba Udayan Sangha, South Kolkata, Kolkata, West Bengal, 700026, India",OpenStreetMap Nominatim,success,valid,verified
248,Shibmandir Durga Puja,South Kolkata,22.515234,88.350845,"Shibmandir Durga Puja, South Kolkata, Kolkata, West Bengal, India","Shibmandir Durga Puja, Shibmandir, South Kolkata, Kolkata, West Bengal, 700029, India",OpenStreetMap Nominatim,success,valid,verified
